personalid,nombre,edad,genero,nacionalidad,pasaporte
0,Oswaldo Zedillo,73,hombre,SALVADOREÑA,N22415818
1,Aldo Ibarra,32,mujer,SALVADOREÑA,S96030318
2,Micaela Padron,69,mujer,ITALIANA,R99245213
3,Manuel Castro,27,mujer,ARGENTINA,M17084370
4,Alicia Cristal Ocasio Ramirez,42,mujer,SALVADOREÑA,L37265580
5,Rosario Arce Montaño,34,hombre,GUYANESA,F96333768
6,Flavio Aguirre,44,mujer,YUGOSLAVA,G86572171
7,Cristal Gaona Vazquez,60,hombre,LIBIA,E99654323
8,Itzel Madrid Tello,89,mujer,BIRMANA,O26876875
9,Nancy Perales,19,hombre,GUINEA,E21346302
10,Eugenio Villanueva,23,mujer,TURCA,I59647599
11,Jose Maria Varela,46,hombre,GAMBIANA,S86623127
12,Ignacio Almanza Velasquez,22,mujer,SINGAPORENSE,W43342581
13,Lourdes Mendez,87,mujer,TANZANIANA,O49324787
14,Nayeli Bernardo Tamez Calderon,91,hombre,ESTADOUNIDENSE,Z12618001
15,Emiliano Gerardo Muñoz,99,hombre,AUSTRALIANA,S67099414
16,Horacio Graciela Quesada,70,mujer,ZAMBIANA,H93386941
17,Sofia Monica Mayorga,69,hombre,SOVIETICA UCRANIANA,W70014015
18,Carla Jaramillo Garibay,68,hombre,SUDAFRICANA,U56669457
19,Estela Marroquin Ortiz,98,mujer,ALEMANA,F44457948
20,Ilse Alejandra Bustos,54,mujer,NIGERINA,O42187583
21,Minerva Barrios Concepcion,68,mujer,AUSTRALIANA,E20392152
22,Elisa Cortez,73,mujer,ISRAELI,G85401525
23,Juan Carlos Uriel Romero,38,hombre,BURKINA FASO,F54286063
24,Ariadna Gaona Ledesma,93,hombre,TUNECINA,L20402492
25,Susana Caldera,74,mujer,GUINEA,Y67957951
26,Estefania Ocampo Raya,41,mujer,ZAMBIANA,T64786536
27,Augusto Carlos Gallardo,31,mujer,INDONESA,L16315884
28,Jose Luis Karla Valverde,26,hombre,KIRGUISTAN,A41577310
29,Maria Jose Perales,96,mujer,ISRAELI,I91362274
30,Ofelia Navarro Davila,68,hombre,BHUTANESA,Z44372972
31,Lucia Palomo Olivera,35,hombre,NAMIBIANA,J50508589
32,Emilio Asuncion Luevano,91,mujer,LIBANESA,K52943396
33,Soledad Beltran,47,hombre,PORTUGUESA,L81362177
34,Dulce Omar Rivas,67,mujer,GUINEA,O65003049
35,Felix Hernandes,26,mujer,BULGARA,G94389129
36,Maria Teresa Samuel Segovia,82,hombre,RWANDESA,U87952200
37,Ricardo Julia Archuleta,37,mujer,GABONESA,T60754009
38,Liliana Juan Carlos Padron,68,hombre,ESTONIA,O63088677
39,Isabel Estefania Olmos Cordero,16,mujer,GUINEA ECUATORIANA,X35740583
40,Isabela Gil Espinosa,40,hombre,TANZANIANA,P90936714
41,Isaac Armas Tejada,59,hombre,OMANESA,S90584294
42,Pilar Meraz Reynoso,65,hombre,ITALIANA,E98870300
43,Bruno Indira Olivas Galvon,64,mujer,LITUANIA ,J48004489
44,Victoria Jorge Arredondo Madrigal,28,mujer,AUSTRIACA,N34722023
45,Irene Villagomez Velazquez,76,hombre,CHIPRIOTA,B33581793
46,Sessa Ordoñez,61,hombre,COLOMBIANA,I26539190
47,Ana Noelia Barrios,20,mujer,KENIANA,Y82472204
48,Jesus Henriquez,65,mujer,SURINAMENSE,W96255468
49,Sergio Gil,65,hombre,HAITIANA,Q28903565
50,Augusto Cordero Jasso,64,hombre,SWAZI,D12747000
51,Jose Eduardo Javier Casillas,51,hombre,REINO UNIDO,D84811007
52,Mercedes Martinez,86,hombre,NAMIBIANA,A59785418
53,Rosalia Rocio Vazquez Granados,55,hombre,GUYANESA,Q42575194
54,Santiago Guillen Esquibel,21,mujer,BURUNDESA,D26597294
55,Augusto Margarita Crespo,18,hombre,SUIZA,S70684322
56,Modesto Lucero Luna,28,mujer,ESTONIA,Z12327276
57,Maria del Carmen Rodolfo Blanco Romo,71,hombre,BOLIVIANA,T55227978
58,Adan Gilberto Lomeli Escobar,54,mujer,DE SANTO TOME,Z25809531
59,Juan Carlos Carvajal Zamora,51,mujer,TUNECINA,Q79731575
60,Natalia Delgadillo Robledo,49,hombre,SAN MARINENSE,S87281990
61,Ruben Mora,73,mujer,PAPUENSE,B52410712
62,Ana Acevedo Munguia,29,hombre,MALDIVA,Q17998243
63,Zeferino Sofia Ortega,60,mujer,AMERICANA,G70427042
64,Mateo Claudio Leiva Valle,14,hombre,ZAMBIANA,P21702655
65,Maria Eugenia Robledo Arteaga,56,mujer,GRANADINA,Z57372798
66,Jose Manuel Olga Perales,13,mujer,PAPUENSE,E67387779
67,Yolanda Blanco,30,mujer,TRINITARIA,B95281165
68,Dulce Maria Salvador Escamilla,54,hombre,PARAGUAYA,H65186003
69,Ana Mesa,22,hombre,DE SANTO TOME,S99817979
70,Genaro Valentin,30,hombre,SUIZA,Q77360488
71,Tomas Valdez Serrano,67,hombre,TUNECINA,F55163262
72,Clara Zavala,41,hombre,SINGAPORENSE,E72768513
73,Benito Heredia Leal,13,hombre,SIRIA,H68808611
74,Reina Jose Carlos Espino Riojas,52,hombre,INDONESA,N62020387
75,Maria Elena Ana Aguilera Aparicio,94,hombre,PARAGUAYA,T81315126
76,Abelardo Linares,23,mujer,MOZAMBIQUEÑA,J33065404
77,Anabel Emilia Zamora avalos,36,mujer,PANAMEÑA,T24679589
78,Rocio Gurule,44,hombre,NICARAGUENSE,S48630929
79,Flavio Paulina Vasquez Ybarra,96,hombre,ZAIRANA,J52410570
80,Jos Zavala Salazar,16,mujer,ZAIRANA,W88696841
81,Lorenzo Soto,39,hombre,BURKINA FASO,H35385767
82,Alfonso German Baez Moreno,22,mujer,SIERRA LEONESA,X66726406
83,Felipe del Valle,74,hombre,REINO UNIDO,T49144954
84,Octavio Caballero,94,mujer,CHILENA,Y28920946
85,Humberto Carreón,65,mujer,SIERRA LEONESA,S11772990
86,Hugo Jose Manuel Aguilera Olvera,21,hombre,PORTUGUESA,G24272216
87,Ivonne Montenegro,85,hombre,NIGERINA,J64594612
88,Nadia Cedillo,57,mujer,NAURUANA,D29290177
89,Elena Estrada,92,mujer,JORDANA,Y97685445
90,Laura Ramon,65,hombre,MALDIVA,M29889337
91,Rosario Gregorio Godoy Jaimes,77,mujer,HINDU,V37562483
92,Susana Miramontes,94,hombre,AMERICANA,K71932185
93,Ana Luisa Delgado,33,hombre,SWAZI,U52204644
94,Enrique Tamez,78,mujer,SAN MARINENSE,J23831554
95,Diana Martha Menchaca,13,mujer,TOGOLESA,X77004626
96,Julio Genaro Alfaro Ojeda,77,hombre,BELICEÑA,E52952269
97,Ivan Aviles de Jesus,96,mujer,CONGOLESA,X63993476
98,Claudio Joaquin Porras,50,mujer,ARGELIANA,V53428041
99,Victoria Maria Teresa Chapa,81,hombre,HONDUREÑA,I67168870
100,Abril Luisa Yañez Hinojosa,93,hombre,ZAMBIANA,T77399897
101,Horacio Mercado,24,mujer,CHECOSLOVACA,I19030976
102,Aurora Jaquez,99,mujer,BAHAMEÑA,V19318115
103,Alta  Gracia Corona,40,mujer,LIBANESA,K98008674
104,Ruby Soria,20,hombre,GRIEGA,A32966457
105,Maria Teresa Sarabia,46,mujer,MICRONECIA,K16816418
106,Rosario Jorge Luis de la Fuente Coronado,86,mujer,PAPUENSE,H62599461
107,Cecilia Guillermo Castillo,43,mujer,MARFILEÑA,U69595745
108,Leonor Eric Mireles,56,mujer,CANADIENSE,Q19693202
109,Alfredo Salcedo,51,mujer,LITUANIA ,R33059713
110,Jaime Vega Colon,53,mujer,NEPALESA,P91007805
111,Karla Casares,52,hombre,AFGANA,B91603747
112,Liliana Quintero,60,hombre,DE BAHREIN,W71697646
113,Natalia Patiño,69,hombre,LIECHTENSTENSE,M17950737
114,Wendolin Feliciano,96,mujer,BIRMANA,N49963802
115,Pedro Caballero,86,hombre,URUGUAYA,D12995815
116,Gustavo Hernandez,37,mujer,KIRGUISTAN,H72481896
117,Juan Carlos Abigail Anguiano Adame,44,mujer,SWAZI,G52881568
118,Ricardo Rocio Acuña,48,mujer,BRITANICA,Q47868245
119,Linda Cortes,63,hombre,LIECHTENSTENSE,Z24413077
120,Sessa Esther Correa Godonez,83,mujer,SIRIA,C62873808
121,Abraham Leiva,63,hombre,ALEMANA,B35171331
122,Tomas Solis,31,mujer,ZAMBIANA,L18340568
123,Maria Eugenia Centeno,61,mujer,RUMANA,G38342014
124,Magdalena Corona,12,mujer,SUDANESA,M98860158
125,Rufino Aguilera,13,hombre,BOLIVIANA,Q57744567
126,Graciela Rosas,32,hombre,FRANCESA,V90110818
127,Julio Veronica Zayas Nevarez,97,hombre,REINO UNIDO,S11970291
128,Alma Cisneros,22,mujer,MARROQUI,C34159270
129,Abel Treviño,55,mujer,MAURITANA,V84504169
130,Aldonza Irizarry Barragan,37,mujer,ZAIRANA,C42942785
131,Amalia Teodoro Cano Almaraz,43,mujer,HOLANDESA,K14707299
132,Victor Castro,86,mujer,URUGUAYA,M85459209
133,Rosario Rojas Guardado,79,mujer,IRLANDESA,L72554373
134,Carlota Evelio Rocha Alfaro,71,hombre,LIECHTENSTENSE,D69263703
135,Leonardo Antonia Coronado Quintero,37,mujer,GABONESA,F62163147
136,Pascual Cornejo,25,mujer,SINGAPORENSE,K63693615
137,Mateo Soto Moya,89,mujer,JAPONESA,K88048774
138,Jose Paulina Velez Ponce,54,hombre,PARAGUAYA,A92076676
139,Noemi Luna,78,hombre,MONEGASCA,G92774554
140,Jose Carlos Rocio Delgado,94,mujer,CANADIENSE,F17391225
141,Maria Elena Olivo,84,hombre,LIBANESA,T89668993
142,Guillermo Figueroa Casanova,98,mujer,NAURUANA,J29686165
143,Caridad Alejandro Collado Esquivel,10,mujer,SUIZA,B41943528
144,Federico Zacarias Mejia Burgos,75,hombre,GUINEA ECUATORIANA,P88267883
145,Jeronimo Grijalva Garrido,48,hombre,ETIOPE,G60384149
146,Amelia Israel del Rio Dominguez,21,hombre,URUGUAYA,D42345801
147,Jaime Marisol Madrid,27,hombre,BRITANICA,U71661520
148,Eloy Valadez Lemus,62,hombre,MEXICANA,R87923672
149,Aldo Ulloa Vera,74,mujer,FINLANDESA,X40670359
150,Javier Matias,18,mujer,DOMINICA,Q25618342
151,Rosalia Zacarias Cazares,75,mujer,DANESA,J92437602
152,Espartaco Leiva Irizarry,19,mujer,CHINA,X43111101
153,Pedro Ruelas,23,mujer,AFGANA,S16219566
154,Olga Montez,44,hombre,ALEMANA,O88920707
155,Florencia Montero Chacan,40,hombre,HINDU,U78263685
156,Irma Davila,20,hombre,BOLIVIANA,S71702045
157,Augusto Clara Sanchez Colon,67,mujer,GUINEA,J59811637
158,Ricardo Garay,51,mujer,MALDIVA,W24746378
159,Abel Alfredo Vargas,49,mujer,NORVIETNAMITA,R19808865
160,Cristian Teodoro Oquendo,94,hombre,SINGAPORENSE,Z95831595
161,Sofia Orellana Rosas,70,mujer,SUECA,V42528064
162,Leticia Ureña,70,hombre,SIRIA,T19743718
163,Isabel Alvarez,84,mujer,BOTSWANESA,P36703267
164,Marisol Oquendo,22,mujer,NIGERIANA,J81992311
165,Antonia Pacheco,50,hombre,NICARAGUENSE,C83712317
166,Jorge Muñiz,48,mujer,MALDIVA,J86186594
167,Jose Jose Eduardo Barraza Covarrubias,61,mujer,MEXICANA,H92061576
168,Caridad Ceja,12,hombre,REINO UNIDO,G10013637
169,Abraham Gurule Menchaca,86,mujer,MALIENSE,I75861226
170,Berta Malave Zepeda,53,hombre,MALASIA,S92011051
171,Dario Tomas Longoria Linares,65,hombre,GAMBIANA,X48431659
172,Mario Jaime,73,hombre,LIBIA,V46586488
173,Julio Llamas,81,mujer,ETIOPE,K14413559
174,Angela Esperanza Cortez Rosas,67,hombre,SUECA,T84921359
175,Julio Cesar Quiñonez Pantoja,52,hombre,ZAIRANA,M23752681
176,Alejandro Maria Cristina Esquivel Martinez,58,mujer,AFGANA,W93531470
177,Sara Villareal,93,mujer,TAILANDESA,I45816186
178,Hugo Castro,90,hombre,CUBANA,M45487491
179,Pablo Gallardo,82,mujer,MONEGASCA,Z47651097
180,Marcos Martin Valadez Zambrano,60,mujer,NORCOREANA,D68973471
181,Karla Bonilla Otero,63,hombre,SURINAMENSE,U20635282
182,Jacobo Indira Mares,19,mujer,ESTONIA,U44458462
183,Irene Mora,67,hombre,ISRAELI,L83116169
184,Bernardo Raul Niño,78,mujer,BHUTANESA,G28581662
185,Minerva Israel Santacruz Sierra,80,mujer,REINO UNIDO,F36197968
186,Dolores Hector Mata,66,mujer,MONGOLESA,F46237407
187,Alicia Espinosa,28,hombre,ESPAÑOLA,J84936916
188,Berta Vega,56,hombre,RUMANA,D98657401
189,Caridad Sergio Vargas,49,mujer,MOZAMBIQUEÑA,G80440045
190,Carlota Archuleta,34,hombre,SIERRA LEONESA,X74214731
191,Marisol Montaño Hinojosa,26,hombre,SOVIETICA UCRANIANA,X55907580
192,Karla Cotto Reyes,69,mujer,HINDU,M32819818
193,Graciela Gilberto Tamayo,12,mujer,ZAMBIANA,P63907762
194,Noelia Trujillo,68,mujer,TANZANIANA,G20824518
195,Beatriz Montañez Mena,58,mujer,DOMINICA,Z62341623
196,Mariano Hinojosa,75,mujer,BRITANICA,G97447072
197,Mauricio Ochoa,64,mujer,PAKISTANI,P41251204
198,Esperanza Josefina Gamez,65,hombre,ARGELIANA,I82557947
199,Itzel Riojas,25,mujer,CHINA,Y70470691
200,Sandra Maldonado Mejia,13,mujer,BRASILEÑA,G97945596
201,Raquel Cornejo,74,hombre,OMANESA,W86925667
202,Jacinto Gabriel Otero,51,mujer,BHUTANESA,S33763855
203,Ursula Terrazas Viera,47,mujer,BRASILEÑA,Q82427980
204,Amelia Mayorga,81,hombre,REINO UNIDO,L95395813
205,Amanda Pulido,88,mujer,MALDIVA,M78912406
206,Reina Adan Baeza Paez,95,hombre,YEMENI,P61007335
207,Estefania Naranjo Nevarez,68,hombre,TAIWANESA,F35177147
208,Ariadna Ferrer,59,mujer,ARGENTINA,Z73890508
209,Alejandro Rosario,47,mujer,NICARAGUENSE,X28190900
210,Maria Jose Berrios,16,mujer,VATICANA,A99075356
211,Ignacio Gamboa,58,mujer,DE CABO VERDE,Y33621652
212,Elena Octavio Longoria,57,hombre,CHADIANA,C75435134
213,Dulce Samuel Altamirano,73,hombre,DE BAHREIN,H51404851
214,Gustavo Rodrigez,33,hombre,HAITIANA,T95578501
215,Adalberto Pabon Fajardo,83,mujer,ISLANDESA,G71777805
216,Yeni Rosa Acosta Lemus,39,mujer,CANADIENSE,E84206767
217,Ursula Sierra,24,mujer,RWANDESA,B41807889
218,Alvaro Amanda Soto Jaimes,66,hombre,CANADIENSE,D17470993
219,Gregorio Aurelio Olivas Solorzano,28,mujer,PAKISTANI,Y95422526
220,Norma Calderon,69,mujer,GRIEGA,G89138616
221,Cristian Frias,10,mujer,DE BAHREIN,L53367487
222,Gonzalo Arcelia Vanegas Centeno,72,hombre,BELICEÑA,I71035953
223,Maria Eugenia Arroyo,23,hombre,BELGA,G62088265
224,Hector Nadia Concepcion,16,hombre,LAOSIANA,U50167995
225,Cornelio Ramos de la Rosa,12,hombre,GUINEA,G59557597
226,Silvano Julio Cesar Tamayo,52,hombre,MALASIA,W86901126
227,Alicia Concepcion Canales,17,mujer,CAMERUNESA,M32531724
228,Javier Raul Cervantez,73,hombre,FRANCESA,Q77332509
229,Anabel Melgar Galvez,16,mujer,ARGENTINA,G43243084
230,Gerardo Mendez Ureña,94,mujer,AUSTRALIANA,C69969453
231,Daniela Laureano,89,mujer,ARGELIANA,O92126449
232,Leticia Alejandra Lerma,14,hombre,ZAMBIANA,D47863811
233,Cynthia Sosa,73,hombre,GUYANESA,Z76196301
234,Hermelinda Alcala,44,mujer,NORCOREANA,F34944561
235,Julio Citlali Alvarado Arenas,71,mujer,DE ZIMBAWI,E60644741
236,Julio Cesar Velasco,57,hombre,EGIPCIA,O56033253
237,Rosalia Huerta,62,mujer,KENIANA,Y20694626
238,Dabora Barajas Moya,94,hombre,TRINITARIA,H37681102
239,Leonor Margarita Meza Barrera,44,mujer,BHUTANESA,C90746321
240,Esther Maria Elena Ceja de Leon,54,hombre,MAURICIANA,S24497049
241,Angela Magaña Contreras,35,mujer,ARABE,H65615792
242,Mercedes Zelaya,12,mujer,SINGAPORENSE,G72884936
243,Esmeralda Anguiano,44,mujer,BOTSWANESA,D32411194
244,Flavio Becerra,85,hombre,LIBANESA,N82236050
245,Reynaldo Porfirio Galvon,59,mujer,GABONESA,Q62049713
246,Juan Carlos Bañuelos,18,mujer,REINO UNIDO(BRIT. DEL EXT.),I39150171
247,Rocio Itzel Matias,50,hombre,RUMANA,Z73076598
248,Rafael Brito,15,hombre,BURUNDESA,K98431752
249,Violeta Eugenia Quiroz Sisneros,20,hombre,GHANATA,T37699639
250,Sergio Escamilla Oquendo,87,hombre,SANTA LUCIENSE,Q99626196
251,Abril Alfredo Alcantar Nevarez,30,mujer,JORDANA,C72408604
252,Santiago Gustavo Ulloa Trujillo,73,hombre,ESLOVENIA,E67980635
253,Rafael Granado Jaimes,12,mujer,MAURICIANA,V90788961
254,Rodrigo Esperanza Roque Nava,20,mujer,LESOTHENSE,M15953646
255,Rocio Cotto Lemus,34,hombre,MALDIVA,P46015658
256,Margarita Benitez,62,mujer,MALAWIANA,E19836287
257,Clara Leticia Orosco,91,hombre,REINO UNIDO,X82897919
258,Frida Soria,62,hombre,NIGERINA,G76754322
259,Esteban Ruby Calvillo Arroyo,27,hombre,YEMENI,D20635647
260,Rufino Velasco,37,mujer,GUINEA,D41778711
261,Uriel Concepcion,72,mujer,JAMAIQUINA,J60837705
262,Gonzalo Jorge Suarez Caldera,66,mujer,MOZAMBIQUEÑA,F10864707
263,Mario Estefania Ybarra Rojo,74,mujer,TURCA,H28771080
264,Miguel Angel Figueroa,86,hombre,IRAQUI,Z12118596
265,Arcelia Jesus Robles,69,hombre,IRANI,V83521814
266,Luz Madera Gallardo,92,mujer,GUINEA ECUATORIANA,B81503930
267,Amanda Gracia,27,hombre,PORTUGUESA,U30419828
268,Adela Ledesma,28,mujer,ALEMANA,F86107166
269,Jose Manuel Arturo Caldera,22,mujer,IRLANDESA,D43567081
270,German Galvon,57,hombre,SAMOANA,S67426526
271,Noemi Ariadna Padron,45,mujer,GUINEA,T39541124
272,Ignacio Muñiz,43,mujer,SAN MARINENSE,F24904237
273,Nelly Julio Pichardo Jaramillo,16,mujer,SUDANESA,Y18632801
274,Julia Valdivia Florez,51,mujer,PUERTORRIQUEÑA,Q96850129
275,German Otero Pichardo,53,hombre,AUSTRIACA,G46186009
276,Teodoro Zepeda Chavarria,23,mujer,HUNGARA,N29503541
277,Eva Cervantes,33,hombre,HUNGARA,H22271475
278,Indira Karina de Anda Verduzco,75,mujer,MALASIA,F33523355
279,Julio Carrero Esparza,71,mujer,KUWAITI,M38215478
280,Angelica Mesa,21,mujer,DE ZIMBAWI,C86355149
281,Emilia Delgado,49,mujer,JAPONESA,Y43005194
282,Alma Zacarias Sauceda,40,hombre,SWAZI,Z52180289
283,Augusto Irene Ceballos,15,hombre,AUSTRIACA,J15119141
284,Nelly Prado Calderon,69,mujer,ARGELIANA,T94155425
285,Ricardo Ernesto Salcido Chacan,92,mujer,SAN MARINENSE,N66626290
286,Hilda Burgos Rascon,74,hombre,LAOSIANA,R53180852
287,Dario Emiliano Razo Dominguez,81,hombre,MARROQUI,G37206735
288,Humberto Palomo Arguello,84,hombre,NORVIETNAMITA,T83809947
289,Estela Godonez,99,hombre,GUYANESA,T46938836
290,Jose Rios Rincon,17,hombre,MOLDOVIA,L68289534
291,Paulina Chavez,93,hombre,MONEGASCA,C42363592
292,Tomas Olvera,16,hombre,MOLDOVIA,N20315368
293,Aida Espinoza,33,mujer,SALOMONESA,U44621636
294,Florencia Cynthia Lugo Laboy,37,mujer,CHECOSLOVACA,M66215755
295,Delia Riojas Lozada,27,hombre,RUMANA,R31033516
296,Indira Armenderiz,46,mujer,TAIWANESA,C17933389
297,Maximiliano Malave Serrano,41,hombre,MALAWIANA,F26110704
298,Concepcion Jorge Luis Zuñiga,14,hombre,LAOSIANA,G56771209
299,Jesus Teron,36,hombre,MALIENSE,X40190083
300,Teresa Pedro Arce,39,hombre,LIBIA,H60880738
301,Aldonza Aldo Lozano,13,hombre,DE BARBADOS,T96848598
302,Emilia Cadena,50,mujer,ISRAELI,U44526145
303,Veronica Madrid Alba,14,hombre,GRANADINA,R94787103
304,Patricio Rico Salinas,57,hombre,PORTUGUESA,N53300637
305,Omar Elena Samaniego,20,hombre,HAITIANA,K60088271
306,Noemi Ruiz,70,mujer,AUSTRALIANA,S54336476
307,Jacobo Sofia Arteaga,76,mujer,VENEZOLANA,T28924830
308,Ruby Abigail Bustos Solorio,59,mujer,MACEDONIA,R92170937
309,Antonio Ariadna Escamilla Guerra,14,mujer,LESOTHENSE,O38314291
310,Daniela Polanco Avila,93,mujer,DE SEYCHELLES,X25806442
311,Paulina Berta Segura Alcaraz,50,hombre,MARFILEÑA,X21782966
312,Georgina Barreto,46,mujer,PORTUGUESA,M88192722
313,Cornelio Sessa Lucero Suenz,25,hombre,NAMIBIANA,N79457372
314,Karla Garibay Niño,44,hombre,GUINEA,N53152943
315,Anel Rios,32,mujer,SALVADOREÑA,C63337324
316,Fidel Emiliano Molina,62,hombre,TOGOLESA,W47775182
317,Leonor Emilio Sosa,59,hombre,PARAGUAYA,N95498824
318,Eduardo Pulido,28,hombre,FILIPINA,Z62349473
319,Irma Casillas,73,hombre,MALAWIANA,U43273299
320,Pascual Miranda,76,hombre,PAKISTANI,P44811148
321,Nicolas Camacho,27,mujer,OMANESA,J47240810
322,Elena Garrido Juarez,67,hombre,GRIEGA,P92686343
323,Jacobo Ramirez,19,mujer,CHILENA,Z16091769
324,Abraham Graciela Serna Zambrano,14,mujer,BELGA,V74659763
325,Ofelia Paola Ceballos,68,mujer,ESLOVACA,D39331602
326,Mitzy Partida,98,hombre,CHIPRIOTA,Z91506537
327,Mitzy Quiroz Valenzuela,22,mujer,CUBANA,G82290652
328,Norma Figueroa Arias,31,hombre,DE CABO VERDE,A74939030
329,Bernabe Eugenio Ferrer Reyna,18,mujer,BURUNDESA,L98220210
330,Camilo Camilo Bañuelos,17,mujer,IRANI,C92774826
331,Lorenzo Marcela Maldonado,97,mujer,RUMANA,N94602558
332,Mauro Nazario,45,mujer,KUWAITI,N76835766
333,Renato Dueñas,68,hombre,MOZAMBIQUEÑA,J94770262
334,Esperanza Rufino Barrios,43,mujer,SOVIETICA UCRANIANA,U29447434
335,Bianca Alejandro Llamas Carreon,31,hombre,SUDCOREANA,M61070375
336,Cristina Mariana Ocampo,33,mujer,LIBANESA,N54316699
337,Maria Luisa Horacio Pelayo Rios,72,hombre,EGIPCIA,R31518645
338,Lucas Rolando Rico,37,hombre,MALTESA,F15670255
339,Gustavo Jonas Baca,94,mujer,SIERRA LEONESA,L35747887
340,Martha Ceja,83,hombre,YUGOSLAVA,R73647682
341,Margarita Aldo Ramos,85,mujer,PAKISTANI,R92652060
342,Modesto Lozada,68,mujer,SUDCOREANA,W60431450
343,Laura Jeronimo Ferrer Salcido,93,hombre,GRIEGA,H62015947
344,Gabino Madrigal Mayorga,54,mujer,DOMINICA,Q87090673
345,Rosario Aurelio Concepcion,41,hombre,COSTARRICENSE,P38256114
346,Miriam Granado,96,mujer,NORVIETNAMITA,Z55229668
347,Jesus Aguilar,14,hombre,MACEDONIA,Z44611213
348,Patricio Alfonso Sanchez,57,mujer,COMORENSE,H34295507
349,Paola Bañuelos Patiño,21,hombre,BULGARA,P90125086
350,Amador Eric avalos,58,hombre,ESLOVAQUIA,C34769382
351,Juan Rosales,41,hombre,MOZAMBIQUEÑA,Q11437339
352,Ofelia Marcela Valles,23,mujer,ESTADOUNIDENSE,M37790779
353,Uriel Melgar González,74,mujer,BIRMANA,I70460685
354,Pedro Irma Marroquin,71,hombre,SENEGALESA,Z18059834
355,Anel Ursula Laureano,48,mujer,BULGARA,S57345242
356,Aurora Aragon,67,mujer,BOTSWANESA,R34605865
357,Sonia Valencia Suarez,25,hombre,MONGOLESA,K96427068
358,Jesus Collado Mercado,29,mujer,GABONESA,Q99604303
359,Jose Torres Perea,57,mujer,SUECA,R54032815
360,Tomas Gonzales Quintero,24,mujer,BAHAMEÑA,D30990389
361,Maximiliano Guadalupe Sepulveda Limon,35,mujer,CHIPRIOTA,O49200843
362,Martin Muro Escobar,21,mujer,SURINAMENSE,R90570268
363,Cynthia Isaac Acuña Almonte,22,mujer,REINO UNIDO,C98783766
364,Pedro Casares,40,hombre,AUSTRIACA,O33503031
365,Nelly Rosa Quintero,64,mujer,NIGERINA,U28796448
366,Minerva Casares,16,mujer,MALASIA,W28672552
367,Rosa Tello,40,mujer,KUWAITI,E28434775
368,Caridad Galindo,83,hombre,BHUTANESA,M13673150
369,Pascual Maria Eugenia Villegas Calvillo,27,hombre,TRINITARIA,G79168985
370,Natividad Rascon Lozano,80,hombre,REINO UNIDO,U17882124
371,Joaquin Almonte,75,hombre,ARABE,D74455336
372,Frida Santiago Valles,79,mujer,SALOMONESA,Y72017716
373,Ana Luisa Benitez,61,mujer,MAURICIANA,N94594644
374,Mercedes Reyes,94,hombre,EGIPCIA,H12328752
375,Renato Giron Valles,80,mujer,ANGOLESA,J73774918
376,Alicia Morales,63,mujer,ISRAELI,O77790451
377,Marco Antonio Robles,15,mujer,GHANATA,Q71451810
378,Nancy Esteban Salgado Ybarra,27,hombre,DE CABO VERDE,O11517948
379,Raquel Carreon,23,mujer,PARAGUAYA,P90466792
380,Eugenia Esperanza Galarza Mendez,73,hombre,ETIOPE,O93555640
381,Israel Melendez,48,hombre,NAMIBIANA,C22706964
382,Estefania Bermudez,89,hombre,HUNGARA,P68794723
383,Daniel Velez Ferrer,79,hombre,SOVIETICA UCRANIANA,O65264338
384,Timoteo Amelia Ojeda Prado,34,mujer,ZAMBIANA,I54791407
385,Josefina Vega,34,hombre,SURINAMENSE,M30180966
386,Anel Caballero Ceballos,32,hombre,NAMIBIANA,J76155106
387,Angela Karina Mares,90,hombre,SWAZI,M42318695
388,Alejandro Montoya,27,hombre,MALASIA,F50197319
389,Elisa Varela,21,mujer,BOTSWANESA,A58142990
390,Lorenzo Camilo Quintanilla,10,mujer,HONDUREÑA,U58822965
391,Gerardo Pulido,51,hombre,KIRGUISTAN,J56679008
392,Frida Marrero,12,hombre,SURINAMENSE,X82993719
393,Maria Cristina Zavala Rivera,61,hombre,MOLDOVIA,R18774549
394,Rosa Barrios,10,hombre,ISRAELI,Y62780558
395,Dalia Jeronimo Arevalo Cordova,20,mujer,COMORENSE,C50709947
396,Dolores Manuel Castillo Leiva,81,hombre,AUSTRALIANA,A28842541
397,Minerva Raya,67,mujer,DEL QATAR,D18853282
398,Horacio Alfredo Valle,98,mujer,MARFILEÑA,O78837046
399,Angela Resendez Castro,76,hombre,BELGA,C97424828
400,Karla Nevarez Delgado,91,hombre,DE BENNIN,P99525371
401,Aldonza Zoe Terrazas Alonso,13,mujer,GRANADINA,G72662280
402,Julio Tallez,22,mujer,HUNGARA,A51716020
403,Daniela Trinidad Alvarez Menchaca,31,hombre,YUGOSLAVA,X64476508
404,Aurelio Pablo Sanches,72,mujer,VENEZOLANA,A67760948
405,Fabiola Luis Manuel Morales Davila,39,hombre,COMORENSE,R76796869
406,Natividad Roybal,66,mujer,SUDANESA,X20175196
407,Gabino Concepcion,37,mujer,ITALIANA,Z37139094
408,Agustin Patricia Pacheco Treviño,81,hombre,ALEMANA,U15692667
409,Antonio Alma Lopez Tapia,94,hombre,CHINA,R98871472
410,Georgina Nieto Nuñez,69,hombre,KUWAITI,F65910198
411,Monica Sotelo,34,mujer,BELICEÑA,R91225327
412,Caridad Abelardo Cepeda,57,mujer,YUGOSLAVA,B48638051
413,Jeronimo Vazquez Madera,95,mujer,FIJIANA,J41177977
414,Esparta Muñiz,57,mujer,LIBERIANA,B83970054
415,Homero Sandoval,70,hombre,NIGERINA,R33301366
416,Adan Bernardo Hurtado,46,hombre,ANGOLESA,Y28690598
417,Blanca Horacio Guardado,11,hombre,NIGERIANA,B71223947
418,Gloria Maldonado Soliz,77,mujer,DE BAHREIN,S66542453
419,Jeronimo Barreto,98,mujer,NEPALESA,X50419209
420,Alejandra Murillo,33,hombre,HINDU,S31191826
421,Rafael Arturo Guardado Barreto,63,mujer,ESPAÑOLA,E73622992
422,Reina Burgos,93,mujer,UGANDESA,L23344989
423,Susana Mateo,74,hombre,BRASILEÑA,R87131401
424,Abraham Uriel Gastulum Nieto,29,hombre,TAILANDESA,J73971982
425,Martha Santillon,30,hombre,ESLOVACA,H84704086
426,Sessa David Mejia Marrero,27,hombre,LAOSIANA,R82394428
427,Estela Pedro Guevara Casarez,58,hombre,SALVADOREÑA,S27059453
428,Patricia Cristina Garza,76,mujer,HINDU,L47267901
429,Yuridia Lucia Chavarria,34,hombre,MONEGASCA,T50865195
430,Concepcion Miramontes Viera,29,mujer,SWAZI,D45067023
431,Eloisa Ledesma Robledo,78,hombre,HOLANDESA,B47512252
432,Yeni Florez,55,hombre,DOMINICANA,P88439867
433,Bruno Santiago Jurado Villarreal,36,mujer,ESPAÑOLA,S79725707
434,Angqlica Haro Benavidez,18,mujer,CAMBOYANA,Q98292268
435,Augusto Geronimo Bueno,49,mujer,GUYANESA,Q81899059
436,Indira Esmeralda Luna,45,mujer,LIBANESA,V38238048
437,Esteban Navarrete,61,hombre,IRAQUI,V32648303
438,Judith Abril Puga,35,mujer,ISLANDESA,N83602904
439,Aldo Sessa Zavala,85,hombre,DOMINICA,D96891559
440,Esparta Cornejo,51,hombre,NICARAGUENSE,D46521640
441,Jose Eduardo Toro,19,mujer,DE BAHREIN,X53390512
442,Alejandro Patiño,81,hombre,SURINAMENSE,E45040981
443,Rudra Calvert,28,mujer,ITALIANA,I71137391
444,Hawa Escobar,19,mujer,SALVADOREÑA,F79421617
445,Anastazja Muir,34,mujer,SALVADOREÑA,Y49142948
446,Janelle Fields,52,hombre,ITALIANA,G23407603
447,Alfie-James Valenzuela,38,mujer,ARGENTINA,L21091304
448,Faiza Lynch,48,mujer,SALVADOREÑA,T33479289
449,Faris Cole,44,mujer,GUYANESA,N90362432
450,Cassia Ferreira,23,hombre,YUGOSLAVA,C86933224
451,Leon Benson,57,mujer,LIBIA,B80802581
452,Niall Skinner,24,hombre,BIRMANA,D17825001
453,Mira Mora,49,hombre,GUINEA,H63679978
454,Farhan Wood,57,hombre,TURCA,Q93659608
455,Cairo Durham,45,mujer,GAMBIANA,X23482448
456,Aqsa Broadhurst,18,mujer,SINGAPORENSE,Q98196295
457,Rida Berg,20,mujer,TANZANIANA,X57464681
458,Sonya Bray,18,hombre,ESTADOUNIDENSE,I43495548
459,Genevieve Yang,18,hombre,AUSTRALIANA,O85536062
460,Prince Knights,50,mujer,ZAMBIANA,P91468410
461,Peter Buxton,25,hombre,SOVIETICA UCRANIANA,Z79078750
462,Brogan Parra,25,hombre,SUDAFRICANA,A32409894
463,Kyron Bell,58,hombre,ALEMANA,K85877488
464,Om Bull,48,hombre,NIGERINA,S97519473
465,Monty Munoz,44,hombre,AUSTRALIANA,R40960037
466,Caitlin Craft,60,mujer,ISRAELI,N78261760
467,Chardonnay Moody,35,hombre,BURKINA FASO,F26681893
468,Ruairidh Li,41,mujer,TUNECINA,P69949707
469,Liyah Marsh,46,mujer,GUINEA,O67480281
470,Braden Edge,53,mujer,ZAMBIANA,K70923085
471,Javan Bowers,18,mujer,INDONESA,D16043388
472,Alanah Harris,60,hombre,KIRGUISTAN,Q63627088
473,Vivaan Small,24,mujer,ISRAELI,X88118097
474,Elara Christie,24,hombre,BHUTANESA,L50523027
475,Jasmin Hobbs,23,hombre,NAMIBIANA,U62431078
476,Alexandre Kenny,60,hombre,LIBANESA,G13942335
477,Rui Kouma,25,hombre,PORTUGUESA,L88429599
478,Eryk Hickman,57,mujer,GUINEA,M25516121
479,Renesmee Bob,19,mujer,BULGARA,P60808043
480,Gerald Silva,29,mujer,RWANDESA,Z84265346
481,Charleigh Needham,20,mujer,GABONESA,S60259660
482,Mehmet Velazquez,28,hombre,ESTONIA,B74954136
483,Zayne Mccarty,29,mujer,GUINEA ECUATORIANA,G62923813
484,Annabel Wainwright,19,hombre,TANZANIANA,O34172199
485,Inayah Ferrell,50,hombre,OMANESA,J21765949
486,Kendall Compton,19,mujer,ITALIANA,C66390103
487,Danial Raymond,30,hombre,LITUANIA ,K51726577
488,Abid Cash,20,hombre,AUSTRIACA,V63848808
489,Karishma Arnold,30,hombre,CHIPRIOTA,F47106596
490,Ikra Bradford,50,hombre,COLOMBIANA,D33421386
491,Jozef Hicks,23,mujer,KENIANA,V56635732
492,Conan Dowling,24,mujer,SURINAMENSE,H14114782
493,Aaryan Duncan,56,hombre,HAITIANA,W32876342
494,Rex Lane,29,hombre,SWAZI,Q85813779
495,Carolina Collier,53,hombre,REINO UNIDO,K68798616
496,Sanaya Sheppard,28,mujer,NAMIBIANA,D51550937
497,Kole Sims,29,hombre,GUYANESA,A58880299
498,Gianluca Joseph,29,hombre,BURUNDESA,B46132611
499,Yu Mckee,20,hombre,SUIZA,A65384053
500,Nevaeh Mclaughlin,47,mujer,ESTONIA,G80363129
501,Matei Barry,18,hombre,BOLIVIANA,H23554855
502,Frazer Bouvet,55,mujer,DE SANTO TOME,X80622536
503,Danniella Allan,48,mujer,TUNECINA,G39950854
504,Ava-May Turner,18,hombre,SAN MARINENSE,E66418744
505,Arwa Mansell,31,mujer,PAPUENSE,Z55136740
506,Sanya Goodman,55,mujer,MALDIVA,A74846755
507,Abdur Avalos,38,mujer,AMERICANA,S15728405
508,Tasnim Tillman,33,mujer,ZAMBIANA,Y74571096
509,Aeryn Salinas,53,mujer,GRANADINA,A48349897
510,Arjan Emerson,46,mujer,PAPUENSE,H34682218
511,Arman Spooner,49,mujer,TRINITARIA,L91040317
512,Macaulay Lucas,32,hombre,PARAGUAYA,K33835641
513,Blane Webber,47,hombre,DE SANTO TOME,Q65697920
514,Konrad Morales,50,mujer,SUIZA,C26918071
515,Cormac Walton,54,mujer,TUNECINA,A62437482
516,Gracey Moyer,45,mujer,SINGAPORENSE,I20962160
517,Mahir Bass,48,mujer,SIRIA,B42680044
518,Sanjay Beltran,49,mujer,INDONESA,S80959779
519,Lamar Mahoney,59,hombre,PARAGUAYA,L45624818
520,Sulayman Copeland,38,hombre,MOZAMBIQUEÑA,A18178675
521,Katelin Rogers,22,hombre,PANAMEÑA,Q13393131
522,Shani Tang,24,hombre,NICARAGUENSE,X36668136
523,Kyran Medina,34,hombre,ZAIRANA,V14610605
524,Ishaan Shannon,36,hombre,ZAIRANA,X96959151
525,Rhys Cartwright,47,hombre,BURKINA FASO,W38466179
526,Manveer Morin,33,hombre,SIERRA LEONESA,S27836168
527,Kelan Alcock,43,hombre,REINO UNIDO,N30210482
528,Corban Banks,20,hombre,CHILENA,O32022190
529,Eden Bullock,50,mujer,SIERRA LEONESA,D81305901
530,Ehsan Khan,30,mujer,PORTUGUESA,F48147569
531,Adam Lowe,47,mujer,NIGERINA,E64066757
532,Jaden O'Moore,59,hombre,NAURUANA,T51938312
533,Ferne Taylor,22,hombre,JORDANA,E79403161
534,Niko Clark,56,mujer,MALDIVA,F30439227
535,Thelma Hinton,18,hombre,HINDU,L24990708
536,Gideon Odling,54,mujer,AMERICANA,I69082391
537,Menna Kennedy,29,hombre,SWAZI,M96988182
538,Audrey Lugo,58,hombre,SAN MARINENSE,J53941814
539,Stewart Hogg,57,hombre,TOGOLESA,Z62544841
540,Lester Horne,53,mujer,BELICEÑA,O11035736
541,Cruz Sharpe,55,mujer,CONGOLESA,E40496740
542,Roosevelt Strong,39,mujer,ARGELIANA,Y88222031
543,Meerab Lam,45,hombre,HONDUREÑA,E79645360
544,Ellouise Kumar,48,mujer,ZAMBIANA,N21135692
545,Annabella Feeney,48,hombre,CHECOSLOVACA,Q76501795
546,Chyna Oakley,38,hombre,BAHAMEÑA,H82954679
547,Ffion Foreman,53,hombre,LIBANESA,L58021595
548,Zakariah Rudd,47,hombre,GRIEGA,I76454232
549,Mateo Suarez,28,hombre,MICRONECIA,V86328246
550,Jaxx Howell,21,hombre,PAPUENSE,Q46352405
551,Lynda Boone,44,mujer,MARFILEÑA,S83257879
552,Anam Archer,25,mujer,CANADIENSE,C18313949
553,Jakub Rogers,27,hombre,LITUANIA ,I68520250
554,Mohamad Frye,23,hombre,NEPALESA,V33539473
555,Morris Burn,34,mujer,AFGANA,P99072944
556,Seb Kline,19,hombre,DE BAHREIN,X30500718
557,Tarik Underwood,34,hombre,LIECHTENSTENSE,Q86390973
558,Faye Lancaster,35,mujer,BIRMANA,O73308422
559,Leonie Camacho,44,mujer,URUGUAYA,V93679476
560,Vinny Simon,25,mujer,KIRGUISTAN,V52367061
561,John-Paul Donnelly,39,mujer,SWAZI,K97020636
562,Mikail Russo,23,hombre,BRITANICA,I12411703
563,Rubie Nicholls,28,hombre,LIECHTENSTENSE,B56479004
564,Lynn Werner,49,mujer,SIRIA,E88841911
565,Zena Lara,34,hombre,ALEMANA,K36045796
566,Javan Guthrie,31,mujer,ZAMBIANA,N15890939
567,Tabatha Draper,56,hombre,RUMANA,C25202479
568,Aaliyah Weir,40,hombre,SUDANESA,Z35633074
569,Lexi-Mae Hodgson,59,hombre,BOLIVIANA,Z82216665
570,Oriana Connelly,29,mujer,FRANCESA,L48871263
571,Amari Mccarthy,18,hombre,REINO UNIDO,M54013650
572,Geraldine Richard,36,mujer,MARROQUI,K61351886
573,Ashwin Whiteley,41,mujer,MAURITANA,L16160620
574,Mathilde Winter,28,mujer,ZAIRANA,Y32862609
575,Phillippa Deleon,21,mujer,HOLANDESA,A64832941
576,Kadeem Sanderson,37,hombre,URUGUAYA,W45620852
577,Manon Coffey,42,hombre,IRLANDESA,C28372030
578,Francis Olson,50,mujer,LIECHTENSTENSE,A60998883
579,Sameera Owens,38,hombre,GABONESA,I81031745
580,Shanaya Holmes,52,hombre,SINGAPORENSE,W14792062
581,Fannie Conley,21,mujer,JAPONESA,Y74602262
582,Denise Fleming,35,mujer,PARAGUAYA,K18727103
583,Chanice Mill,56,mujer,MONEGASCA,T28185187
584,Arman Lynch,27,hombre,CANADIENSE,U44749976
585,Brody Derrick,49,hombre,LIBANESA,R83861025
586,Leslie Clements,48,mujer,NAURUANA,V77041067
587,Clare Corbett,21,mujer,SUIZA,S44521362
588,Sam Pritchard,26,hombre,GUINEA ECUATORIANA,Y41672518
589,Ajwa Cash,43,hombre,ETIOPE,L49696680
590,Axel Bouvet,55,mujer,URUGUAYA,R60771433
591,Haroon Adams,22,hombre,BRITANICA,G47760865
592,Carolyn Huffman,46,hombre,MEXICANA,D17614969
593,Willow Mcarthur,38,hombre,FINLANDESA,S88342155
594,Rickie Dowling,35,mujer,DOMINICA,M58022489
595,Nial Hansen,44,mujer,DANESA,Q99206484
596,Yasmine Ireland,20,mujer,CHINA,S28706627
597,Oliver Dalton,59,mujer,AFGANA,W40357500
598,Abraham Bradley,35,mujer,ALEMANA,W96247840
599,Cally Plant,23,mujer,HINDU,F39203452
600,Lois Cain,56,hombre,BOLIVIANA,X70165362
601,Tashan Fox,42,mujer,GUINEA,P47747927
602,Emmanuella Ellison,23,mujer,MALDIVA,F37567930
603,Leonard Mcnally,48,mujer,NORVIETNAMITA,U82113441
604,Quinn Novak,49,hombre,SINGAPORENSE,D94008374
605,Raphael Mcdowell,32,mujer,SUECA,Z15182407
606,Adnaan Bateman,18,mujer,SIRIA,D31735637
607,Ingrid Barlow,43,hombre,BOTSWANESA,M17626975
608,Uwais Boyce,27,mujer,NIGERIANA,K87304932
609,Luca Greenaway,46,mujer,NICARAGUENSE,N12187519
610,Natan Dillard,29,hombre,MALDIVA,Z89512901
611,Anthony Gallegos,42,hombre,MEXICANA,S69458680
612,Frank Brennan,18,mujer,REINO UNIDO,E91188282
613,Carina Emerson,41,mujer,MALIENSE,K54292700
614,Dawood Neal,23,hombre,MALASIA,J78675367
615,Katharine Kent,31,mujer,GAMBIANA,Z90514972
616,Sumayyah Whitley,43,hombre,LIBIA,M25319500
617,Nida Blackmore,40,hombre,ETIOPE,D47993586
618,Fearne Truong,26,hombre,SUECA,W59997661
619,Mahamed Pittman,58,hombre,ZAIRANA,C98273001
620,Lukasz Morse,54,hombre,AFGANA,W35851913
621,Lincoln Coles,19,hombre,TAILANDESA,Z56387527
622,Divine Abbott,50,hombre,CUBANA,O82905218
623,Iosif Hampton,52,hombre,MONEGASCA,Y90687489
624,Abdullah Mahoney,38,hombre,NORCOREANA,B98135751
625,Shanelle Stark,36,hombre,SURINAMENSE,J77542518
626,Arianna Potts,53,hombre,ESTONIA,J85522033
627,Tate Wilder,39,hombre,ISRAELI,F20918635
628,Caleb Lindsey,53,hombre,BHUTANESA,P24887858
629,Naveed Bean,60,mujer,REINO UNIDO,S92299080
630,Che Carr,23,mujer,MONGOLESA,I95587135
631,Holly Sharpe,19,mujer,ESPAÑOLA,S73768257
632,Cecilia Sparks,50,mujer,RUMANA,N22206250
633,Faith Williamson,51,hombre,MOZAMBIQUEÑA,T26344182
634,Sid Rayner,55,mujer,SIERRA LEONESA,O24070749
635,Faizan Mueller,41,hombre,SOVIETICA UCRANIANA,X57831524
636,Karol Curtis,44,hombre,HINDU,F63424480
637,Dione Britton,26,mujer,ZAMBIANA,P46096512
638,Humza O'Gallagher,52,hombre,TANZANIANA,K79125351
639,Ceara Holloway,57,mujer,DOMINICA,Z33119712
640,Jimmy Cook,42,mujer,BRITANICA,D72943469
641,Susannah Dominguez,44,hombre,PAKISTANI,E94910524
642,Mehak Savage,39,hombre,ARGELIANA,M99657407
643,Pascal Burrows,60,mujer,CHINA,M20646516
644,Robin Duggan,42,mujer,BRASILEÑA,M47185694
645,Monet Bob,42,mujer,OMANESA,I54761065
646,Kristin Mayer,41,mujer,BHUTANESA,H13591949
647,Lynden Calhoun,53,hombre,BRASILEÑA,Z66164439
648,Nisha Cornish,37,hombre,REINO UNIDO,J50021010
649,Eloise Woodward,21,hombre,MALDIVA,E15185649
650,Liberty Donnelly,43,hombre,YEMENI,S32417613
651,Latisha Kane,44,mujer,TAIWANESA,X18788354
652,Sapphire Mccullough,57,hombre,ARGENTINA,P18069029
653,Lavinia Lord,50,mujer,NICARAGUENSE,P90664949
654,Fintan Lester,40,mujer,VATICANA,D47817041
655,Mateusz Gibbons,42,hombre,DE CABO VERDE,K93206420
656,Sammy-Jo Navarro,55,mujer,CHADIANA,Z87201344
657,Ayse Parks,38,hombre,DE BAHREIN,N19156231
658,Lindsay Allison,36,mujer,HAITIANA,E70683335
659,Avery Mcgee,60,mujer,ISLANDESA,Y25124393
660,Madeeha Newton,41,mujer,CANADIENSE,T27955220
661,Merryn Pritchard,27,hombre,RWANDESA,Q84386005
662,Phillip Russo,49,mujer,CANADIENSE,H24424611
663,Arda Kay,28,mujer,PAKISTANI,M43509483
664,Krish Wright,59,mujer,GRIEGA,Z49567606
665,Siena Mcbride,58,hombre,DE BAHREIN,C35766555
666,Gus Chadwick,27,mujer,BELICEÑA,P57862554
667,Tyriq Guerrero,54,mujer,BELGA,I64191003
668,Rajan Blankenship,59,hombre,LAOSIANA,R45462112
669,Marc Rasmussen,33,mujer,GUINEA,A36567974
670,Ephraim Mcmillan,52,mujer,MALASIA,Z66375480
671,Davina Whittaker,51,hombre,CAMERUNESA,O83116410
672,Giovanni Goddard,48,hombre,FRANCESA,B19274682
673,Jai Riley,46,hombre,ARGENTINA,A13377207
674,Isaak Farrell,55,mujer,AUSTRALIANA,Z63638604
675,Ernest Reid,26,mujer,ARGELIANA,T12018876
676,Sia Decker,39,hombre,ZAMBIANA,Q61647603
677,Vincenzo Hopper,33,hombre,GUYANESA,J46520579
678,Irene Brewer,39,hombre,NORCOREANA,C10485898
679,Elijah Bloom,18,mujer,DE ZIMBAWI,Q18294063
680,August Gallegos,52,mujer,EGIPCIA,G96255344
681,Rhydian Mclaughlin,23,hombre,KENIANA,Y82611727
682,Lorcan Cousins,43,hombre,TRINITARIA,B70998108
683,Angelina Frey,59,mujer,BHUTANESA,V39821498
684,Nada Drake,40,mujer,MAURICIANA,X78500905
685,Taybah Dalton,40,mujer,ARABE,K58266428
686,Mariyah Beasley,47,mujer,SINGAPORENSE,T10711406
687,Rimsha Timms,43,mujer,BOTSWANESA,F84924809
688,Haseeb Ortega,48,hombre,LIBANESA,Z40312357
689,Pheobe Fields,33,hombre,GABONESA,C93047721
690,Kaia Klein,19,mujer,REINO UNIDO(BRIT. DEL EXT.),W35870244
691,Cinar Long,53,hombre,RUMANA,O89361249
692,Lorna John,60,hombre,BURUNDESA,T15488548
693,Dorothy Dowling,24,hombre,GHANATA,X33411778
694,Ida Reese,34,mujer,SANTA LUCIENSE,L15587056
695,Onur Donald,54,mujer,JORDANA,X57433646
696,Reis Browning,33,hombre,ESLOVENIA,E12552527
697,Eilidh Wilde,25,mujer,MAURICIANA,U14642137
698,Veer Cameron,40,hombre,LESOTHENSE,Z93784881
699,Brett Hanson,53,mujer,MALDIVA,N61633512
700,Finnlay Flower,31,mujer,MALAWIANA,L73186764
701,Micheal Weaver,53,mujer,REINO UNIDO,O35132654
702,Nicola Shah,43,mujer,NIGERINA,F85234179
703,Anais Hester,41,mujer,YEMENI,L32090593
704,Nicholas Brett,49,mujer,GUINEA,Z89529699
705,Pippa Matthews,41,hombre,JAMAIQUINA,I71720626
706,Jaya Roche,22,mujer,MOZAMBIQUEÑA,S79293181
707,Abdi Brock,47,hombre,TURCA,F53285291
708,Fahmida Watts,56,mujer,IRAQUI,F32873083
709,Sufyaan Nielsen,28,mujer,IRANI,C29330794
710,Tyreke Hayward,43,mujer,GUINEA ECUATORIANA,J30532761
711,Arissa Montes,36,hombre,PORTUGUESA,X26302462
712,Rami Stone,23,mujer,ALEMANA,X38649807
713,Maximilian Phan,23,hombre,IRLANDESA,E74168818
714,Ariyah Perry,39,mujer,SAMOANA,X23977739
715,Gaia Howard,55,hombre,GUINEA,B47807991
716,Kaden Robins,20,mujer,SAN MARINENSE,Y14343891
717,Nikita Sutton,32,mujer,SUDANESA,Y39134822
718,Cydney Brandt,32,mujer,PUERTORRIQUEÑA,P29941553
719,Safia Olson,43,mujer,AUSTRIACA,M94150341
720,Keyan Bull,53,hombre,HUNGARA,X72217433
721,Eddison Quintero,34,hombre,HUNGARA,B29318470
722,Youssef Merrill,41,mujer,MALASIA,G70168526
723,Aleisha Duffy,50,hombre,KUWAITI,B28202618
724,Taylor Sexton,24,mujer,DE ZIMBAWI,Q93070405
725,Jett Mann,56,mujer,JAPONESA,Q97899872
726,Ocean Wooten,53,hombre,SWAZI,A12227676
727,Scarlett-Rose Pratt,36,hombre,AUSTRIACA,Y65232120
728,Tj Mackie,44,mujer,ARGELIANA,I77961063
729,Mariella Fleming,29,mujer,SAN MARINENSE,U84132444
730,Ruairidh Dodd,28,hombre,LAOSIANA,Y51646668
731,Josie Everett,46,hombre,MARROQUI,I29425737
732,Virginia Appleton,18,hombre,NORVIETNAMITA,N27037176
733,Trey Henson,54,hombre,GUYANESA,B59049054
734,Manisha Rollins,29,mujer,MOLDOVIA,Y74131374
735,Demi-Leigh Riggs,50,hombre,MONEGASCA,O38200990
736,Mason Booker,21,hombre,MOLDOVIA,Q68510886
737,Abel Frye,33,hombre,SALOMONESA,D42378846
738,Marlene Alfaro,58,mujer,CHECOSLOVACA,E33644858
739,Raphael Stott,26,mujer,RUMANA,N70038783
740,Safiyyah Salinas,38,hombre,TAIWANESA,O69610901
741,Nichola Thompson,48,hombre,MALAWIANA,D62098041
742,Evie Payne,43,hombre,LAOSIANA,V98816399
743,Imani Cleveland,20,mujer,MALIENSE,P40582910
744,Vivaan Walsh,55,hombre,LIBIA,D21950879
745,Julie Mora,20,hombre,DE BARBADOS,G11145132
746,Sherri Kendall,22,mujer,ISRAELI,M89928461
747,Tamera Sutton,55,hombre,GRANADINA,S88813565
748,Skye Sherman,44,mujer,PORTUGUESA,Y98611000
749,Tyrique Page,32,mujer,HAITIANA,Z97917226
750,Juliette Schroeder,23,hombre,AUSTRALIANA,J21247265
751,Norman Preece,19,mujer,VENEZOLANA,T27239003
752,Hamish Bradshaw,50,hombre,MACEDONIA,S25615690
753,Cecily Forster,44,mujer,LESOTHENSE,J40055799
754,Kirsten Naylor,26,mujer,DE SEYCHELLES,B82825000
755,Callam Bateman,32,mujer,MARFILEÑA,I78773658
756,Chantal Gay,55,mujer,PORTUGUESA,G63132325
757,Mira Sinclair,51,mujer,NAMIBIANA,Q20115795
758,Lilly-Ann Donnelly,35,mujer,GUINEA,N40736646
759,Ryker Sanders,20,hombre,SALVADOREÑA,J19118659
760,Siena Beltran,25,mujer,TOGOLESA,N72848681
761,Helen Millar,60,hombre,PARAGUAYA,M81883007
762,Lyra Jefferson,35,mujer,FILIPINA,W97686532
763,Lilianna Forrest,49,hombre,MALAWIANA,L38252134
764,Rikki Marsden,28,hombre,PAKISTANI,A93142339
765,Baran Bostock,50,hombre,OMANESA,V30633569
766,Lorenzo Munro,43,mujer,GRIEGA,X78631717
767,Dalton Cooke,43,hombre,CHILENA,C35048470
768,Tommy Villalobos,21,hombre,BELGA,V22598195
769,Keiron Simon,24,hombre,ESLOVACA,G48835759
770,Esme Ahmad,39,hombre,CHIPRIOTA,N72357505
771,Reanne Key,53,mujer,CUBANA,P80848048
772,Orla Searle,48,mujer,DE CABO VERDE,A35915899
773,Jamie-Leigh Harris,58,mujer,BURUNDESA,Q62676510
774,Niamh English,52,mujer,IRANI,Z42240808
775,Yousaf Buck,51,mujer,RUMANA,B23944895
776,Shanice Broughton,27,hombre,KUWAITI,T23186694
777,Kalvin Colon,51,hombre,MOZAMBIQUEÑA,G18703906
778,Gurdeep Tillman,31,mujer,SOVIETICA UCRANIANA,F99398248
779,Maureen Rice,42,hombre,SUDCOREANA,A20353052
780,Ishaaq Huang,36,mujer,LIBANESA,A45029251
781,Talha Wood,18,hombre,EGIPCIA,H78350811
782,Dua Alvarado,55,hombre,MALTESA,E27955039
783,Maurice Lennon,49,mujer,SIERRA LEONESA,H93634331
784,Neo Weber,47,hombre,YUGOSLAVA,Y90954287
785,Abbie Cook,38,mujer,PAKISTANI,M23386049
786,Arian Conway,54,hombre,SUDCOREANA,H66406299
787,Jay Vance,32,hombre,GRIEGA,O49832802
788,Ayaz O'Connor,56,mujer,DOMINICA,N27371073
789,Ailsa Howells,27,mujer,COSTARRICENSE,T62778068
790,Harlee Black,27,mujer,NORVIETNAMITA,F23647465
791,Konrad Mccallum,27,hombre,MACEDONIA,X50057717
792,Reyansh Mair,25,hombre,COMORENSE,B29750444
793,Ember Stein,21,mujer,BULGARA,D12791743
794,Malachy Armitage,55,hombre,ESLOVAQUIA,A88205453
795,Sullivan Nelson,23,hombre,MOZAMBIQUEÑA,Q67129817
796,Summer Shannon,44,mujer,ESTADOUNIDENSE,M18404455
797,Tia Barber,27,mujer,BIRMANA,U64582622
798,Mohamad Mcghee,27,mujer,SENEGALESA,A13756920
799,Oliwia Mcgregor,50,hombre,BULGARA,F96180559
800,Elisa Greaves,44,hombre,BOTSWANESA,Z43356349
801,Reilly Mansell,39,hombre,MONGOLESA,E64584693
802,Rogan Whittaker,46,hombre,GABONESA,T40011963
803,Fiona Smart,59,mujer,SUECA,N24130204
804,Alexandre Ramsey,41,mujer,BAHAMEÑA,X28016364
805,Roseanne Mclellan,45,hombre,CHIPRIOTA,O91091325
806,Danial Hammond,27,hombre,SURINAMENSE,F93287822
807,Sonya Schofield,23,mujer,REINO UNIDO,S51168316
808,Luke Sloan,56,hombre,AUSTRIACA,W10879874
809,Samara Noel,49,mujer,NIGERINA,A80460006
810,Nora Moody,48,mujer,MALASIA,R41844825
811,Zaki Novak,28,hombre,KUWAITI,E79687833
812,Philippa Grimes,25,mujer,BHUTANESA,P85252432
813,Jorden Cohen,42,mujer,TRINITARIA,F22133064
814,Mica Carney,38,mujer,REINO UNIDO,I79816052
815,Renae Driscoll,59,hombre,ARABE,F15606774
816,Yu Parks,37,mujer,SALOMONESA,J85158921
817,Harper-Rose Mcdermott,32,hombre,MAURICIANA,J49932003
818,Tyrone Burrows,31,mujer,EGIPCIA,Z41415201
819,Candice Worthington,48,mujer,ANGOLESA,V82748771
820,Shiv Delacruz,47,hombre,ISRAELI,G42264201
821,Christy Nichols,37,hombre,GHANATA,H12580038
822,Stephanie Easton,23,mujer,DE CABO VERDE,K21206986
823,Yvie Dickerson,24,hombre,PARAGUAYA,L96528062
824,Maxwell Bonner,60,mujer,ETIOPE,R13259256
825,Wesley Salinas,44,hombre,NAMIBIANA,U55029003
826,Clementine Wong,20,hombre,HUNGARA,R80620598
827,Ivy-Rose Cox,37,hombre,SOVIETICA UCRANIANA,M94672986
828,Sohaib Hughes,60,mujer,ZAMBIANA,K96345331
829,Katharine Woodward,41,hombre,SURINAMENSE,Y10691944
830,Masuma Ochoa,38,mujer,NAMIBIANA,V71727680
831,Sherry Neale,54,mujer,SWAZI,H70172532
832,Ioana Henry,23,hombre,MALASIA,M34438638
833,Khloe Allman,54,hombre,BOTSWANESA,X41083377
834,Eliott Lord,26,mujer,HONDUREÑA,Z29753329
835,Kimora Samuels,59,hombre,KIRGUISTAN,I21191197
836,Alessandro Ratcliffe,57,mujer,SURINAMENSE,X30743906
837,Bartlomiej Mustafa,42,mujer,MOLDOVIA,U22812889
838,Kyran Byrne,45,mujer,ISRAELI,H65607751
839,Dorothy Oliver,27,hombre,COMORENSE,P45567469
840,Ruby-Rose Watkins,58,hombre,AUSTRALIANA,D57220935
841,Aimee Talley,45,hombre,DEL QATAR,N14440735
842,Suman Bowers,50,mujer,MARFILEÑA,J42130573
843,Aniela Kavanagh,53,mujer,BELGA,O30083178
844,Bridget Davie,28,mujer,DE BENNIN,H96503201
845,Jovan Shaw,26,mujer,GRANADINA,V53011633
846,Isabell Grant,47,mujer,HUNGARA,Z91402180
847,Zidan Blevins,53,mujer,YUGOSLAVA,U56400510
848,Divine Johns,53,hombre,VENEZOLANA,M26162664
849,Giorgio Nichols,27,mujer,COMORENSE,W95912967
850,Celyn Denton,57,mujer,SUDANESA,E69489272
851,Hawa Munoz,50,hombre,ITALIANA,Z60642302
852,Sayed Mclellan,31,mujer,ALEMANA,I37009570
853,Melina Mcdougall,21,mujer,CHINA,O87585409
854,James Conroy,56,hombre,KUWAITI,P29784354
855,Armani Thatcher,33,mujer,BELICEÑA,R69266668
856,Maleeha Humphrey,52,mujer,YUGOSLAVA,Y96356672
857,Sana O'Quinn,47,hombre,FIJIANA,S99222087
858,Amiee Mccabe,28,mujer,LIBERIANA,F92230103
859,Hamza Norman,58,hombre,NIGERINA,X99535805
860,Ellie-Mae Forbes,27,mujer,ANGOLESA,A17458556
861,Lily-Ann Bartlett,22,mujer,NIGERIANA,A63197353
862,Riley-Jay Amos,42,mujer,DE BAHREIN,H67779322
863,Lacie Hagan,33,mujer,NEPALESA,T53145285
864,Fatima Santiago,21,mujer,HINDU,T38670415
865,Rosemary Kelly,57,mujer,ESPAÑOLA,Z86946890
866,Aislinn Marsden,51,hombre,UGANDESA,R79699202
867,Ellie-Mai Clarkson,36,mujer,BRASILEÑA,A72804905
868,Sohaib Huber,39,hombre,TAILANDESA,F64787242
869,Robson Espinosa,41,hombre,ESLOVACA,J99000804
870,Safia Bush,40,hombre,LAOSIANA,S14846993
871,Tyreece Wardle,55,mujer,SALVADOREÑA,X32364020
872,Ashley Rangel,38,hombre,HINDU,Q12318202
873,Corbin Cole,39,mujer,MONEGASCA,C73677021
874,Khia Mayer,58,hombre,SWAZI,F50325936
875,Buster Mueller,20,mujer,HOLANDESA,X71049717
876,Leyla Le,56,mujer,DOMINICANA,B51685962
877,Zayn Campbell,27,hombre,ESPAÑOLA,J82990773
878,Arjan Ho,23,hombre,CAMBOYANA,P95013838
879,Donnell Riley,30,mujer,GUYANESA,J21925151
880,Stephan Slater,52,mujer,LIBANESA,O31533601
881,Reema Andrews,23,hombre,IRAQUI,D43657420
882,Fredrick Prosser,30,mujer,ISLANDESA,V74599183
883,Andrea Moyer,22,hombre,DOMINICA,I76997138
884,Giuseppe English,57,hombre,NICARAGUENSE,G35388553
885,Jonathan Calderon,49,mujer,DE BAHREIN,M49254736
886,Yannis Mcneil,52,hombre,SURINAMENSE,K91217782
887,Levi Piper,18,mujer,ITALIANA,C65927166
888,Kenzie Cairns,27,hombre,SALVADOREÑA,V62701196
889,Aimee Smyth,29,mujer,SALVADOREÑA,X18112744
890,Shamima Farley,36,hombre,ITALIANA,O58652792
891,Lucille Peterson,57,hombre,ARGENTINA,W75934842
892,Sierra England,41,mujer,SALVADOREÑA,F52377248
893,Alexandros Burris,23,hombre,GUYANESA,X55853585
894,Campbell Newman,58,hombre,YUGOSLAVA,Z80736127
895,Haley Koch,18,hombre,LIBIA,S33034970
896,Bryce Chase,44,mujer,BIRMANA,A39408361
897,Isabella Morley,37,mujer,GUINEA,Y34927784
898,Simone Short,38,mujer,TURCA,S50684947
899,Naima Khan,26,mujer,GAMBIANA,O54358606
900,Jamil Buck,27,mujer,SINGAPORENSE,H54615218
901,Justine Dejesus,24,mujer,TANZANIANA,S31733660
902,Maximus Cross,31,mujer,ESTADOUNIDENSE,F46464053
903,Marcelina Mustafa,38,mujer,AUSTRALIANA,D18354051
904,Yusra Melendez,33,mujer,ZAMBIANA,U55970091
905,Ottilie Woods,19,mujer,SOVIETICA UCRANIANA,P27827307
906,Kerri Mcknight,35,hombre,SUDAFRICANA,I42289426
907,Jonas Lyon,50,mujer,ALEMANA,X42602283
908,Ella-Mae Garrett,45,hombre,NIGERINA,J70638698
909,Ishmael Lowery,53,mujer,AUSTRALIANA,Q52984942
910,Anabella Bernal,26,hombre,ISRAELI,C65457150
911,Anya Molloy,34,hombre,BURKINA FASO,B12102277
912,Arlene Mccall,29,hombre,TUNECINA,R36542696
913,Derrick Fischer,49,hombre,GUINEA,U75846430
914,Suman Bassett,40,hombre,ZAMBIANA,Q21978409
915,Oriana Greer,42,hombre,INDONESA,A35412411
916,Bryson Conner,39,mujer,KIRGUISTAN,N15204505
917,Nabil Bannister,41,hombre,ISRAELI,V83493745
918,Haroon Fuentes,57,mujer,BHUTANESA,W33218972
919,Asif Mcleod,37,mujer,NAMIBIANA,L18407159
920,Hajra Xiong,27,mujer,LIBANESA,L23863806
921,Eleanor Jennings,43,mujer,PORTUGUESA,R15288294
922,Artur Sheldon,30,mujer,GUINEA,I77626067
923,Alicja Eaton,33,mujer,BULGARA,O97756669
924,Lloyd Rodriguez,25,mujer,RWANDESA,B84828733
925,Teddy Franks,55,mujer,GABONESA,N23661643
926,Aaran Strickland,51,hombre,ESTONIA,F77004838
927,Tamsin Mason,29,hombre,GUINEA ECUATORIANA,K26342479
928,Mazie Graves,32,hombre,TANZANIANA,P96121902
929,Olaf Bass,26,mujer,OMANESA,L93766595
930,Ammaarah Dunn,57,mujer,ITALIANA,O94115116
931,Zayne Molina,48,mujer,LITUANIA ,R52037583
932,Una Nava,22,hombre,AUSTRIACA,L32170098
933,Bruce Harvey,22,hombre,CHIPRIOTA,I96186288
934,Esha Stanton,39,hombre,COLOMBIANA,H57458041
935,Malika Mcdowell,24,mujer,KENIANA,P26853787
936,Angelika Hughes,49,mujer,SURINAMENSE,V83519026
937,Inaaya Mcloughlin,46,hombre,HAITIANA,E97357087
938,Kayden Wallace,54,hombre,SWAZI,G29996010
939,Jozef Lutz,49,mujer,REINO UNIDO,V79528193
940,Annette Carrillo,26,mujer,NAMIBIANA,J78794922
941,Raheem Jeffery,33,hombre,GUYANESA,O32046885
942,Belle Seymour,56,mujer,BURUNDESA,B32830447
943,Adelina Russo,21,mujer,SUIZA,U78869014
944,Jason Mclellan,41,mujer,ESTONIA,N47830661
945,Kailum Barajas,30,hombre,BOLIVIANA,N57463405
946,Inez Edge,40,hombre,DE SANTO TOME,N73457430
947,Anas Kelley,31,mujer,TUNECINA,E88586949
948,Amisha Alexander,19,hombre,SAN MARINENSE,R85941940
949,Guy Buck,24,hombre,PAPUENSE,K59985719
950,Nuha Denton,28,mujer,MALDIVA,R80128056
951,Jed Chaney,25,mujer,AMERICANA,O93478493
952,Caine Vincent,45,hombre,ZAMBIANA,S43682122
953,Teagan Talbot,25,hombre,GRANADINA,T61541071
954,Maison Porter,21,hombre,PAPUENSE,W65903638
955,Estelle Espinosa,42,hombre,TRINITARIA,F85340053
956,Misty Castro,35,hombre,PARAGUAYA,V47623520
957,Ikrah Coombes,18,hombre,DE SANTO TOME,B91567090
958,Safah Corona,46,hombre,SUIZA,H65039062
959,Abiha Yates,56,hombre,TUNECINA,N56827086
960,Camden Felix,51,mujer,SINGAPORENSE,J79148345
961,Emily Raymond,18,mujer,SIRIA,J57103112
962,Elisa Senior,34,mujer,INDONESA,E10665532
963,Elleanor Wharton,57,mujer,PARAGUAYA,Y38214748
964,Michael Monaghan,19,hombre,MOZAMBIQUEÑA,Z49744602
965,Riccardo Rossi,29,mujer,PANAMEÑA,E37918298
966,Keeva Turner,20,mujer,NICARAGUENSE,U73863082
967,Nimra Leblanc,60,hombre,ZAIRANA,B42748133
968,Frederic Mclaughlin,31,hombre,ZAIRANA,G63019362
969,Heidi Salgado,31,mujer,BURKINA FASO,Y13887486
970,Naveed Berg,41,mujer,SIERRA LEONESA,Y60714035
971,Storm Church,45,mujer,REINO UNIDO,L79362037
972,Michelle Woods,55,mujer,CHILENA,R71631410
973,Jayden-James Frank,53,hombre,SIERRA LEONESA,Y63238936
974,Maisey Crane,23,hombre,PORTUGUESA,Z19818355
975,Halima Mcgill,33,hombre,NIGERINA,P96246533
976,Wilfred Kerr,44,hombre,NAURUANA,O17350446
977,Milan Sloan,43,mujer,JORDANA,R20560879
978,Mina Bowler,30,hombre,MALDIVA,E89642588
979,Yasmeen Drake,37,mujer,HINDU,Y38202128
980,Zayn Esparza,32,hombre,AMERICANA,U68302750
981,Adnaan Pennington,39,hombre,SWAZI,D16503919
982,Cain Penn,30,hombre,SAN MARINENSE,D60569791
983,Kavan Markham,40,hombre,TOGOLESA,D33245413
984,Bayley Howard,29,hombre,BELICEÑA,U51326521
985,Lara Langley,42,hombre,CONGOLESA,M87243701
986,Brent Jefferson,42,mujer,ARGELIANA,Q56934513
987,Cooper Potts,19,mujer,HONDUREÑA,S87800491
988,Norman Byers,22,hombre,ZAMBIANA,J73277195
989,Ajay Crosby,42,mujer,CHECOSLOVACA,M68274916
990,Wilson Wang,48,hombre,BAHAMEÑA,F71928610
991,Eamon West,50,mujer,LIBANESA,Y66004137
992,Katya Fuentes,19,mujer,GRIEGA,A78888327
993,Irving Le,42,mujer,MICRONECIA,L35431609
994,Hadi Booth,31,mujer,PAPUENSE,H50643080
995,Jenna Carrillo,36,mujer,MARFILEÑA,X53133900
996,Nikolas Delaney,31,mujer,CANADIENSE,H74068805
997,Lily-Anne Glenn,48,mujer,LITUANIA ,B51353951
998,Francesco Moore,41,hombre,NEPALESA,R18693239
999,Devon Payne,39,mujer,AFGANA,O36283117
1000,Lenny Clemons,43,hombre,DE BAHREIN,J81575463
1001,Mariya Mclean,54,mujer,LIECHTENSTENSE,Z69240469
1002,Guto Carson,26,mujer,BIRMANA,B10817169
1003,Lina Esquivel,56,hombre,URUGUAYA,R69125328
1004,Ayomide Wagstaff,18,mujer,KIRGUISTAN,U33904694
1005,Brielle Riley,56,mujer,SWAZI,M92704998
1006,Mateusz Tate,18,mujer,BRITANICA,B72428673
1007,Atif Montoya,20,mujer,LIECHTENSTENSE,J74976103
1008,Izzy Hills,53,hombre,SIRIA,P21995042
1009,Gabija Cuevas,51,mujer,ALEMANA,P77623009
1010,Aila Rojas,35,mujer,ZAMBIANA,X30944725
1011,Kairon Malone,51,mujer,RUMANA,L83397600
1012,Jaeden Whiteley,59,hombre,SUDANESA,S52043058
1013,Manuel Frazier,23,mujer,BOLIVIANA,R10696961
1014,Cerys Villanueva,30,mujer,FRANCESA,L14254290
1015,Arlene Shepherd,37,hombre,REINO UNIDO,Q31063128
1016,Marcie Ventura,25,mujer,MARROQUI,V80767010
1017,Rebeca Ortega,39,mujer,MAURITANA,S54680341
1018,Tyreece Ferry,54,mujer,ZAIRANA,F93138076
1019,Anisha Thompson,58,hombre,HOLANDESA,I10840953
1020,Dulcie Dougherty,36,mujer,URUGUAYA,W74949936
1021,Israr Merrill,38,mujer,IRLANDESA,E76672820
1022,Aliya Busby,55,mujer,LIECHTENSTENSE,J57417491
1023,Chandni Lee,20,mujer,GABONESA,U69216120
1024,Abubakar Kennedy,54,hombre,SINGAPORENSE,W70368576
1025,Aran Mcknight,28,mujer,JAPONESA,H32689676
1026,Braydon Love,24,hombre,PARAGUAYA,T55172433
1027,Jose Atkinson,50,hombre,MONEGASCA,A92262054
1028,Lillie-Mai Strong,26,hombre,CANADIENSE,N10030016
1029,Nichole Sampson,18,hombre,LIBANESA,T57932954
1030,Wendy Juarez,54,hombre,NAURUANA,C70753523
1031,Katrina Dorsey,35,hombre,SUIZA,M14941761
1032,Rupert Trejo,59,hombre,GUINEA ECUATORIANA,H52524359
1033,Damian Ingram,56,hombre,ETIOPE,K38325752
1034,Kajal Mohammed,54,hombre,URUGUAYA,X27438159
1035,Danyaal Chen,27,hombre,BRITANICA,E50678953
1036,Ashanti Knowles,32,mujer,MEXICANA,W31450399
1037,Abubakr Kane,59,mujer,FINLANDESA,I67572869
1038,Riaz Paine,49,mujer,DOMINICA,R55718801
1039,Luke O'Ryan,39,mujer,DANESA,J43428501
1040,Inaaya Gibbs,46,mujer,CHINA,X91940209
1041,Mari Salas,31,hombre,AFGANA,W47619131
1042,Vernon Duarte,22,mujer,ALEMANA,T73448503
1043,Ilayda Rooney,49,hombre,HINDU,A86686913
1044,Michael Elliott,18,mujer,BOLIVIANA,Y40712795
1045,Kunal Harding,60,mujer,GUINEA,H12562022
1046,Lilia Irwin,35,mujer,MALDIVA,N63553168
1047,Ayub Stanley,52,hombre,NORVIETNAMITA,Q91173561
1048,Roseanne Legge,19,mujer,SINGAPORENSE,L59263746
1049,Tabitha Weber,52,mujer,SUECA,B11447843
1050,Simran Coombes,18,hombre,SIRIA,H76555431
1051,Don Lowry,53,mujer,BOTSWANESA,L22142099
1052,Pia Lozano,30,hombre,NIGERIANA,M72286662
1053,Wilf Palacios,49,hombre,NICARAGUENSE,N81698204
1054,Jamaal Brown,28,hombre,MALDIVA,X30343038
1055,Fahim Watts,22,hombre,MEXICANA,P39499180
1056,Jaydn Martin,37,mujer,REINO UNIDO,R35674246
1057,Reggie Whitfield,37,hombre,MALIENSE,B77905753
1058,Jesse Drake,59,hombre,MALASIA,W74976970
1059,Amanda Frame,59,mujer,GAMBIANA,M74177787
1060,Elise Lucero,48,hombre,LIBIA,W66036096
1061,Hester Finnegan,51,hombre,ETIOPE,I74589776
1062,Sarah-Jane Magana,39,mujer,SUECA,M22721791
1063,Taslima Wilks,58,mujer,ZAIRANA,D36495951
1064,Scott Morales,31,hombre,AFGANA,P34307583
1065,Axel Coulson,24,hombre,TAILANDESA,F35407623
1066,Drew Khan,53,hombre,CUBANA,X29838977
1067,Danial Christian,56,mujer,MONEGASCA,J74190201
1068,Jemima Mcleod,45,hombre,NORCOREANA,U33872549
1069,Pixie Sawyer,50,mujer,SURINAMENSE,R69721142
1070,Chance Wynn,37,hombre,ESTONIA,Q78641272
1071,Jamie-Leigh Hills,24,hombre,ISRAELI,S36562389
1072,Phillipa Pena,40,mujer,BHUTANESA,X23121300
1073,Sabah Tait,38,mujer,REINO UNIDO,I83491962
1074,Angelina Kirk,59,mujer,MONGOLESA,B20196947
1075,Hafsa Rosas,42,mujer,ESPAÑOLA,G98817535
1076,Klara Dean,26,mujer,RUMANA,B27587208
1077,Gus Hood,44,hombre,MOZAMBIQUEÑA,V75902595
1078,Gracie-Mae Bowman,46,mujer,SIERRA LEONESA,R84966691
1079,Tylor Kavanagh,21,hombre,SOVIETICA UCRANIANA,O58946682
1080,Iestyn Pate,19,mujer,HINDU,Z67610268
1081,Khalid Lin,28,hombre,ZAMBIANA,D74887687
1082,Kristin Harrington,27,mujer,TANZANIANA,B99224848
1083,Emme Mccullough,55,mujer,DOMINICA,Y62420085
1084,Eamonn Frank,20,mujer,BRITANICA,R44920458
1085,Gabrielle Simons,52,mujer,PAKISTANI,O85117279
1086,Nicola Goldsmith,29,mujer,ARGELIANA,U70996710
1087,Franklin Charles,48,hombre,CHINA,B61398372
1088,Annabel Bryant,51,mujer,BRASILEÑA,K23504682
1089,Eman Marsden,32,hombre,OMANESA,H71951264
1090,Tony Guerra,53,hombre,BHUTANESA,N85329885
1091,Elleanor Lovell,43,mujer,BRASILEÑA,W63285059
1092,Darcey Sampson,26,hombre,REINO UNIDO,D62958993
1093,Ishmael Figueroa,43,hombre,MALDIVA,P69442505
1094,Pawel Cantu,33,mujer,YEMENI,J25472208
1095,Tayah Welch,24,mujer,TAIWANESA,T11556036
1096,Kwabena Velez,60,mujer,ARGENTINA,F62685246
1097,Erika Swanson,51,mujer,NICARAGUENSE,Y48446065
1098,Mikaela French,24,hombre,VATICANA,G48612887
1099,Simeon Sutherland,24,hombre,DE CABO VERDE,T48274952
1100,Karl Brooks,36,mujer,CHADIANA,A27196574
1101,Kayne Mcguire,22,mujer,DE BAHREIN,W59567813
1102,Giacomo Anderson,39,hombre,HAITIANA,G59576772
1103,Jax Regan,48,hombre,ISLANDESA,Y47445245
1104,Emilee Sheppard,28,hombre,CANADIENSE,A93127792
1105,Velma Douglas,24,mujer,RWANDESA,F82060209
1106,Mya Woodward,49,mujer,CANADIENSE,S94646897
1107,Rhea Lake,25,mujer,PAKISTANI,X56143181
1108,Randy Irvine,43,hombre,GRIEGA,I13961912
1109,Sofie Cooper,35,mujer,DE BAHREIN,F86893510
1110,Ella-Louise Tierney,46,hombre,BELICEÑA,N71829231
1111,Mohammad Hernandez,56,hombre,BELGA,J25836471
1112,Fardeen Terrell,50,mujer,LAOSIANA,C12000940
1113,Cassia Barrera,33,mujer,GUINEA,V24231409
1114,Clinton Kennedy,58,mujer,MALASIA,E95913254
1115,Pranav Strong,58,hombre,CAMERUNESA,V68439625
1116,Tamera Perry,59,hombre,FRANCESA,T12435687
1117,Rahim Rios,46,hombre,ARGENTINA,S17542103
1118,Daanyaal Preece,52,mujer,AUSTRALIANA,T62458021
1119,Kien Herbert,33,hombre,ARGELIANA,K29771672
1120,Jackson Avalos,34,hombre,ZAMBIANA,A88052129
1121,Aiysha Holding,30,mujer,GUYANESA,V55086886
1122,Emre Devine,19,hombre,NORCOREANA,V35358596
1123,Conah Reeve,24,mujer,DE ZIMBAWI,Q56281794
1124,Raihan Shannon,59,mujer,EGIPCIA,Y49630463
1125,Farhaan Zamora,57,mujer,KENIANA,L16239489
1126,Arlene Larsen,49,mujer,TRINITARIA,V46094550
1127,Chelsea Carson,60,mujer,BHUTANESA,N79236809
1128,Dario Keith,54,mujer,MAURICIANA,D54522782
1129,Austen Pacheco,58,hombre,ARABE,T48086393
1130,Agnes Greene,38,hombre,SINGAPORENSE,C79487402
1131,Kyle Mcfarland,54,hombre,BOTSWANESA,V18503080
1132,Casper Franco,42,hombre,LIBANESA,J21662369
1133,Milena Burt,51,hombre,GABONESA,Q39116633
1134,Blessing Cortes,51,mujer,REINO UNIDO(BRIT. DEL EXT.),W70902585
1135,Kaif Henry,21,mujer,RUMANA,J59221871
1136,Ayva Lott,38,hombre,BURUNDESA,G81387601
1137,Eathan Abbott,31,mujer,GHANATA,Q40302157
1138,Larry Bass,38,hombre,SANTA LUCIENSE,Q62246069
1139,Bronwen Fountain,30,hombre,JORDANA,X71642225
1140,Scarlet Rodriquez,50,hombre,ESLOVENIA,X15979606
1141,Aviana Bond,51,mujer,MAURICIANA,R41794606
1142,Rida Huynh,43,hombre,LESOTHENSE,H70988509
1143,Chad Quintero,36,mujer,MALDIVA,G92277283
1144,Miguel Downs,30,hombre,MALAWIANA,P10687329
1145,Axel Woods,33,hombre,REINO UNIDO,X45410913
1146,Ella-May Jeffery,48,hombre,NIGERINA,V88009042
1147,Mahi Gentry,38,hombre,YEMENI,X74534091
1148,Yasmin Schofield,57,mujer,GUINEA,V51944597
1149,Yash Arnold,58,mujer,JAMAIQUINA,B96929536
1150,Samara Garrison,34,mujer,MOZAMBIQUEÑA,M78425830
1151,Danielius Joseph,49,hombre,TURCA,D57194637
1152,Yousif Mcknight,49,mujer,IRAQUI,Y72894126
1153,Hina Daniel,54,mujer,IRANI,W48349381
1154,Lucas Coulson,56,hombre,GUINEA ECUATORIANA,A26589653
1155,Koa Meyers,47,mujer,PORTUGUESA,U27285118
1156,Irene Houston,53,mujer,ALEMANA,U12176268
1157,Ross Bartlett,41,hombre,IRLANDESA,F29559496
1158,Laibah Sharma,32,mujer,SAMOANA,F13951238
1159,Lilia Morrow,44,hombre,GUINEA,G22901340
1160,Umer Escobar,41,mujer,SAN MARINENSE,X60027782
1161,Mahad Wilks,38,mujer,SUDANESA,J93152193
1162,Faizan Spencer,19,hombre,PUERTORRIQUEÑA,A99632980
1163,Maureen York,26,mujer,AUSTRIACA,L73550438
1164,Renae Liu,31,mujer,HUNGARA,W53137288
1165,Ayrton Hibbert,38,mujer,HUNGARA,E48613121
1166,Cade Hamer,39,hombre,MALASIA,R39914552
1167,Jacque Gregory,33,hombre,KUWAITI,Z35082300
1168,Alan Davison,27,mujer,DE ZIMBAWI,C54286034
1169,Carly Christensen,28,hombre,JAPONESA,S58839507
1170,Hassan Alfaro,22,mujer,SWAZI,R79342213
1171,Victor Oconnell,57,mujer,AUSTRIACA,U93228320
1172,Ann Hoffman,23,hombre,ARGELIANA,X62775773
1173,Jozef Leech,20,hombre,SAN MARINENSE,M21771881
1174,Albert Andrade,30,mujer,LAOSIANA,S36768422
1175,Alessandro Armitage,44,hombre,MARROQUI,R67847596
1176,Vihaan Samuels,24,mujer,NORVIETNAMITA,Y11681437
1177,Zidan Mosley,46,mujer,GUYANESA,Q26753013
1178,Corben Whitmore,55,hombre,MOLDOVIA,K96186985
1179,Chance Burton,48,mujer,MONEGASCA,T74766321
1180,Dominika Mackie,60,hombre,MOLDOVIA,R61544371
1181,Eoghan Whittle,39,mujer,SALOMONESA,Q89845413
1182,Hunter Clegg,54,mujer,CHECOSLOVACA,H18240674
1183,Millicent Ellison,43,mujer,RUMANA,V77812878
1184,Tobey Bean,57,mujer,TAIWANESA,A41933786
1185,Saskia Vaughan,56,hombre,MALAWIANA,S52555979
1186,Asia Mclean,59,hombre,LAOSIANA,H77386222
1187,Dylan Bloggs,33,hombre,MALIENSE,F84909065
1188,Martin Wood,35,hombre,LIBIA,J12073077
1189,Zarah Avila,38,hombre,DE BARBADOS,M40245776
1190,Kameron Parsons,43,mujer,ISRAELI,U48804800
1191,Persephone Hudson,25,mujer,GRANADINA,F68273821
1192,Ashleigh Patton,51,hombre,PORTUGUESA,L77622942
1193,Ryder Berger,59,mujer,HAITIANA,M38161500
1194,Benas Lam,25,mujer,AUSTRALIANA,O84277606
1195,Dolly Cairns,20,mujer,VENEZOLANA,F69585209
1196,Hollie Read,59,hombre,MACEDONIA,Q61982096
1197,Kory Peel,37,mujer,LESOTHENSE,J56553199
1198,Johnnie Sexton,55,hombre,DE SEYCHELLES,V45882809
1199,Luka Mays,55,mujer,MARFILEÑA,F18210761
1200,Hugo Haynes,22,mujer,PORTUGUESA,F55010630
1201,Ellise Berry,47,hombre,NAMIBIANA,L29047941
1202,Luke Graham,37,mujer,GUINEA,P15124982
1203,Ailish Ferrell,49,mujer,SALVADOREÑA,W34080276
1204,Sneha Macgregor,26,hombre,TOGOLESA,F64344584
1205,Sienna-Rose Bass,22,hombre,PARAGUAYA,Y23525607
1206,Arsalan Acosta,27,mujer,FILIPINA,J37639326
1207,Izabella Devlin,56,hombre,MALAWIANA,B30957386
1208,Dainton Hubbard,36,hombre,PAKISTANI,K11864885
1209,Billy Burrows,36,mujer,OMANESA,T19082779
1210,Dominik Christie,54,hombre,GRIEGA,O81303033
1211,Kenya Chamberlain,18,hombre,CHILENA,C25483960
1212,Aamina Adam,58,hombre,BELGA,F41066051
1213,Emir Dalton,54,hombre,ESLOVACA,Z39409745
1214,Ramone William,49,mujer,CHIPRIOTA,S65545547
1215,Nolan Davila,52,mujer,CUBANA,H60319485
1216,Aimee Hendricks,41,mujer,DE CABO VERDE,W59719049
1217,Shoaib Ford,53,mujer,BURUNDESA,Z39477666
1218,Erik Mayo,52,mujer,IRANI,O27293489
1219,Yasir Talley,42,mujer,RUMANA,P41923009
1220,Rae Singleton,55,hombre,KUWAITI,H77749573
1221,Charley Mcfarlane,37,hombre,MOZAMBIQUEÑA,B93001900
1222,Henri Wilson,43,mujer,SOVIETICA UCRANIANA,C61251487
1223,Safia Villa,25,mujer,SUDCOREANA,N57074241
1224,Nancie Chapman,23,hombre,LIBANESA,A79049716
1225,Brennan Richardson,27,mujer,EGIPCIA,R89307152
1226,Ayda Bates,48,mujer,MALTESA,H74217688
1227,Shana Blankenship,30,hombre,SIERRA LEONESA,S34427761
1228,Elleanor Michael,28,mujer,YUGOSLAVA,V93229650
1229,Maksymilian Jacobs,52,hombre,PAKISTANI,Z16927017
1230,Aleeza White,52,mujer,SUDCOREANA,Z70896232
1231,Garrett Goodwin,34,hombre,GRIEGA,B45393192
1232,Zhane Love,20,mujer,DOMINICA,K11003990
1233,Joss Barber,42,hombre,COSTARRICENSE,Y86316326
1234,Leyla Phan,34,mujer,NORVIETNAMITA,U42475060
1235,Diane Skinner,56,mujer,MACEDONIA,S56194608
1236,Shazia Henry,23,mujer,COMORENSE,W32270599
1237,Noah Zuniga,50,mujer,BULGARA,B64263142
1238,Madina Salter,44,hombre,ESLOVAQUIA,L39691754
1239,Rudra Blackburn,42,mujer,MOZAMBIQUEÑA,U14154176
1240,Teegan Caldwell,21,mujer,ESTADOUNIDENSE,T56398813
1241,Umayr Lees,59,mujer,BIRMANA,B97849089
1242,Ty Tierney,23,hombre,SENEGALESA,C21144652
1243,Haniya Neale,47,hombre,BULGARA,N58473121
1244,Addison Crowther,39,hombre,BOTSWANESA,Q40560753
1245,Luc Kane,34,hombre,MONGOLESA,I36619907
1246,Sherri Weeks,28,mujer,GABONESA,X11378134
1247,Estelle Ayala,38,hombre,SUECA,L52626275
1248,Eliot Gibson,58,hombre,BAHAMEÑA,F12584447
1249,Akram Pena,41,mujer,CHIPRIOTA,E79310984
1250,Skyla Ferrell,57,mujer,SURINAMENSE,D90886133
1251,Eshaan Simon,28,hombre,REINO UNIDO,Y88192910
1252,Rhian Flowers,36,mujer,AUSTRIACA,A20675685
1253,Alastair Carey,25,mujer,NIGERINA,C30077464
1254,Allegra Melendez,18,hombre,MALASIA,U37538934
1255,Haydon Frame,52,hombre,KUWAITI,K48222874
1256,Sahil Blackwell,41,hombre,BHUTANESA,N98888249
1257,Ami Estrada,18,mujer,TRINITARIA,K41763126
1258,Zander Barron,42,hombre,REINO UNIDO,A38534494
1259,Phillipa Jensen,27,mujer,ARABE,M14701297
1260,Vicki Walmsley,58,mujer,SALOMONESA,G11887618
1261,Charlotte Mercer,33,mujer,MAURICIANA,G94494936
1262,Brennan Bone,54,mujer,EGIPCIA,T17999319
1263,Sama Perry,21,mujer,ANGOLESA,K38048592
1264,Jared Keller,19,mujer,ISRAELI,S62963313
1265,Vera Brown,35,hombre,GHANATA,H97280086
1266,Cinar Brady,59,mujer,DE CABO VERDE,P76015596
1267,Karen Oneil,52,hombre,PARAGUAYA,Y80713335
1268,Gethin Wormald,20,hombre,ETIOPE,L66422553
1269,Andreea Knapp,55,hombre,NAMIBIANA,R78750474
1270,Gabriel Jones,32,mujer,HUNGARA,O98430727
1271,Devante Ortiz,20,mujer,SOVIETICA UCRANIANA,F46960416
1272,Alisa Potter,22,mujer,ZAMBIANA,T72933979
1273,Zahrah Graves,24,hombre,SURINAMENSE,X43264143
1274,Sophie-Louise Rollins,32,mujer,NAMIBIANA,M27563604
1275,Billy-Joe Duffy,28,hombre,SWAZI,C48673298
1276,Elisha Ellis,43,hombre,MALASIA,D61705061
1277,Grayson Phelps,25,hombre,BOTSWANESA,V96699134
1278,Elizabeth Derrick,53,hombre,HONDUREÑA,Q27263029
1279,Kennedy Salgado,42,hombre,KIRGUISTAN,H16441869
1280,Wilbur Zuniga,33,mujer,SURINAMENSE,Q89389311
1281,Sulayman Mustafa,41,mujer,MOLDOVIA,U19901061
1282,Tye Gilliam,38,hombre,ISRAELI,M67903414
1283,Alexandria Farmer,42,mujer,COMORENSE,Q67899814
1284,Caoimhe Chavez,51,mujer,AUSTRALIANA,F26385666
1285,Isaac Huber,20,mujer,DEL QATAR,X82331557
1286,Kloe Shaffer,45,hombre,MARFILEÑA,H68402128
1287,Kyan Phillips,56,mujer,BELGA,K20924077
1288,Kareem Espinoza,48,mujer,DE BENNIN,Q52797482
1289,Layla-Mae Knight,45,hombre,GRANADINA,D47203149
1290,Arthur Huffman,19,hombre,HUNGARA,Y91126724
1291,Issa Rankin,37,mujer,YUGOSLAVA,S25550844
1292,Sahra Leon,32,mujer,VENEZOLANA,B59816110
1293,Edan Schmidt,30,hombre,COMORENSE,Q83101040
1294,Marc Gilmore,27,mujer,SUDANESA,R13795454
1295,Breanna Landry,43,mujer,ITALIANA,M90986443
1296,Sheila Duarte,50,mujer,ALEMANA,H17172762
1297,Neel Wilson,57,mujer,CHINA,O82932366
1298,Kayson Tran,35,hombre,KUWAITI,K55832601
1299,Zuzanna Morrison,47,hombre,BELICEÑA,I15045337
1300,Divine Hardy,25,mujer,YUGOSLAVA,T91606876
1301,Mohamed Slater,37,hombre,FIJIANA,B12038382
1302,Nicholas Bernard,42,mujer,LIBERIANA,P96299780
1303,Dainton Calvert,43,mujer,NIGERINA,Q15931660
1304,Poppy-Rose Read,34,mujer,ANGOLESA,K45735769
1305,Nabeel Acevedo,51,hombre,NIGERIANA,L43548040
1306,Riyad Raymond,51,mujer,DE BAHREIN,K11961239
1307,Macauley Sexton,41,hombre,NEPALESA,G29133284
1308,Diogo Baker,59,mujer,HINDU,V60931739
1309,Kory Fernandez,44,mujer,ESPAÑOLA,V50315885
1310,Edward Humphries,45,mujer,UGANDESA,K26449991
1311,Paige Jaramillo,29,mujer,BRASILEÑA,Y20965642
1312,Kamil Clayton,33,mujer,TAILANDESA,Y86570054
1313,Cassie Benton,36,hombre,ESLOVACA,E47448781
1314,Teri Finch,59,hombre,LAOSIANA,U66924527
1315,Sophia Berg,38,hombre,SALVADOREÑA,Z65517941
1316,Fleur Salazar,31,hombre,HINDU,Z81082204
1317,Arissa Bowler,38,mujer,MONEGASCA,W84619587
1318,Mitchel Chen,32,mujer,SWAZI,X98037398
1319,Lynsey Redmond,24,hombre,HOLANDESA,C96663013
1320,Jamaal Glover,25,hombre,DOMINICANA,M21596637
1321,Paloma Hahn,53,hombre,ESPAÑOLA,U19228535
1322,Lacie-Mae Ray,35,hombre,CAMBOYANA,J30413701
1323,Rumaysa Smart,53,mujer,GUYANESA,C97098157
1324,Abel Potts,38,mujer,LIBANESA,V26386082
1325,Ciara Prosser,29,mujer,IRAQUI,M15764022
1326,Kara Vinson,47,mujer,ISLANDESA,E80101428
1327,Amina Christensen,18,hombre,DOMINICA,K91232911
1328,Aqib Horton,45,hombre,NICARAGUENSE,W84662866
1329,Kingston Oconnor,40,mujer,DE BAHREIN,L42104285
1330,Gerald Mosley,59,mujer,SURINAMENSE,O81415487
1331,Herman Fitzpatrick,22,mujer,ITALIANA,H19460102
1332,Isla-Rose Travis,54,hombre,SALVADOREÑA,I15327232
1333,Elsa Findlay,23,hombre,SALVADOREÑA,P50994894
1334,Henley Salt,36,hombre,ITALIANA,H52768863
1335,Amira Duran,18,hombre,ARGENTINA,M23966555
1336,Vincent Velasquez,23,hombre,SALVADOREÑA,F13974785
1337,Deborah Mcdowell,47,hombre,GUYANESA,I95652889
1338,Cheyenne Tillman,33,hombre,YUGOSLAVA,C91112222
1339,Leen Proctor,59,hombre,LIBIA,S11031665
1340,Kirsten Ashton,58,hombre,BIRMANA,V51518398
1341,Gary Hodges,55,mujer,GUINEA,Z51759042
1342,Lylah Lindsay,39,mujer,TURCA,B63521942
1343,Phebe Thorne,37,hombre,GAMBIANA,G52163057
1344,Will Compton,48,hombre,SINGAPORENSE,U17303950
1345,Ceara Branch,55,mujer,TANZANIANA,V76582906
1346,Dania Baldwin,36,mujer,ESTADOUNIDENSE,D40668412
1347,Zainab Leigh,43,hombre,AUSTRALIANA,Z64954564
1348,Yasemin Strickland,22,hombre,ZAMBIANA,N84232868
1349,Lori Crawford,36,mujer,SOVIETICA UCRANIANA,G70058268
1350,Elana Thomson,36,mujer,SUDAFRICANA,G59250880
1351,Kya Wall,26,mujer,ALEMANA,J58429507
1352,Jaidan Sparrow,57,hombre,NIGERINA,X91970776
1353,Wiktoria Ferreira,48,mujer,AUSTRALIANA,J52509436
1354,Rebecca Rice,30,hombre,ISRAELI,E37210159
1355,Amman Rivera,60,hombre,BURKINA FASO,E55021195
1356,Lillian Maguire,24,mujer,TUNECINA,V42959743
1357,Jada Fisher,33,mujer,GUINEA,N26184586
1358,Conna Hartley,52,hombre,ZAMBIANA,Q38122183
1359,Tillie Devine,29,mujer,INDONESA,D33460699
1360,Iestyn Henry,18,hombre,KIRGUISTAN,Y45945019
1361,Eileen Wolf,58,mujer,ISRAELI,P49098038
1362,Barbara Norman,27,hombre,BHUTANESA,I61164574
1363,Pollyanna Estrada,28,mujer,NAMIBIANA,Z93920529
1364,Chris Bonner,19,hombre,LIBANESA,I76314419
1365,Romany Finnegan,50,hombre,PORTUGUESA,V64493595
1366,Malakai Hanson,49,mujer,GUINEA,B48412354
1367,Henley Knox,43,mujer,BULGARA,X92505390
1368,Kathy Fernandez,46,hombre,RWANDESA,S30095111
1369,Leland Pritchard,50,hombre,GABONESA,J73336500
1370,Luke Mcneil,46,hombre,ESTONIA,G39904048
1371,Jez Vinson,57,hombre,GUINEA ECUATORIANA,A86425933
1372,Miya Thorpe,35,hombre,TANZANIANA,H66720894
1373,Devante Sumner,33,hombre,OMANESA,S41299323
1374,Saxon Beach,18,mujer,ITALIANA,I98876536
1375,Wilson Norris,33,mujer,LITUANIA ,T36453293
1376,Havin Johnson,42,hombre,AUSTRIACA,P16592738
1377,Virgil Gough,57,mujer,CHIPRIOTA,D39950667
1378,Anam North,32,mujer,COLOMBIANA,V41581736
1379,Kealan Franco,54,mujer,KENIANA,D55276623
1380,Elena Donald,25,hombre,SURINAMENSE,P43172347
1381,Sophia Miles,55,mujer,HAITIANA,P52379994
1382,Ines Swanson,54,hombre,SWAZI,Y50357706
1383,Zac Tierney,35,hombre,REINO UNIDO,Z21021293
1384,Rachael Mccartney,26,hombre,NAMIBIANA,O64359907
1385,Zubair Odonnell,47,mujer,GUYANESA,S42985830
1386,Tiarna Short,55,mujer,BURUNDESA,K85468974
1387,Wilma Reese,57,hombre,SUIZA,P18446920
1388,Kendal Valdez,25,mujer,ESTONIA,U50048801
1389,Noa Rocha,48,hombre,BOLIVIANA,M39242047
1390,Charlize Alcock,38,hombre,DE SANTO TOME,X80116169
1391,Ben Randolph,19,hombre,TUNECINA,F38855475
1392,Grover Ferrell,31,mujer,SAN MARINENSE,T13945110
1393,Kristie Buckley,49,hombre,PAPUENSE,F95882692
1394,Melina Osborn,25,hombre,MALDIVA,Q70863892
1395,Misha Mathews,29,hombre,AMERICANA,O33861968
1396,Aeryn Kaiser,20,mujer,ZAMBIANA,Z53032258
1397,Woody Banks,25,mujer,GRANADINA,J68640174
1398,Tamara Meyers,25,mujer,PAPUENSE,Z64414223
1399,Cavan Howells,32,hombre,TRINITARIA,P61086155
1400,Bret Emerson,29,hombre,PARAGUAYA,P30793818
1401,Miles Boyle,22,mujer,DE SANTO TOME,K30677562
1402,Haiden Grimes,36,hombre,SUIZA,X24210550
1403,Mohsin Suarez,60,hombre,TUNECINA,D90715023
1404,Milosz Walton,18,hombre,SINGAPORENSE,E10833391
1405,Erin Reyes,25,mujer,SIRIA,L18673955
1406,Emmett Wu,27,mujer,INDONESA,H89652178
1407,Scott Dupont,46,hombre,PARAGUAYA,Y15695568
1408,Akshay Childs,54,hombre,MOZAMBIQUEÑA,Q33775782
1409,Riya Nichols,54,hombre,PANAMEÑA,S25634429
1410,Aleesha Gonzalez,25,mujer,NICARAGUENSE,R68569887
1411,Blanche Irwin,47,mujer,ZAIRANA,K94722421
1412,Kaleb Buck,21,mujer,ZAIRANA,I81977975
1413,Ernest Delaney,42,mujer,BURKINA FASO,T67930846
1414,Patsy Whitworth,19,mujer,SIERRA LEONESA,M19914728
1415,Esme-Rose Bouvet,52,mujer,REINO UNIDO,J87388807
1416,Diego Rivas,36,mujer,CHILENA,Q46871617
1417,Raife Cisneros,42,mujer,SIERRA LEONESA,M71674565
1418,Coral Fischer,49,mujer,PORTUGUESA,X18888240
1419,Ananya Proctor,42,hombre,NIGERINA,C57695203
1420,Farrell Ochoa,58,hombre,NAURUANA,W55909833
1421,Alivia Harmon,50,mujer,JORDANA,I93183047
1422,Sofie Frame,27,mujer,MALDIVA,E32561867
1423,Ember Barclay,26,mujer,HINDU,P33358213
1424,Adyan Gaines,19,mujer,AMERICANA,Q88546277
1425,Mikaeel Sharp,46,hombre,SWAZI,P96524778
1426,Eshan Lamb,41,hombre,SAN MARINENSE,J44112329
1427,Lola Clayton,57,mujer,TOGOLESA,H56479198
1428,Oliver Tanner,21,mujer,BELICEÑA,D64619991
1429,Theia Nash,41,hombre,CONGOLESA,C50103864
1430,Reema Cox,18,hombre,ARGELIANA,K38747041
1431,Sherri Holden,52,mujer,HONDUREÑA,M93397516
1432,Cheryl Houghton,31,mujer,ZAMBIANA,D15088868
1433,Zephaniah Hicks,23,hombre,CHECOSLOVACA,Q42757121
1434,Carmel Camacho,42,mujer,BAHAMEÑA,H78731055
1435,Ailish Rosas,36,hombre,LIBANESA,H25765941
1436,Amalia Broadhurst,53,hombre,GRIEGA,T75045815
1437,Nolan Connelly,41,hombre,MICRONECIA,F43189471
1438,Oriana Richmond,33,hombre,PAPUENSE,M23195986
1439,Sabrina Flynn,33,hombre,MARFILEÑA,H59461332
1440,Ava Magana,41,hombre,CANADIENSE,J22719557
1441,Samera Espinoza,30,hombre,LITUANIA ,P77071543
1442,Lucinda Mooney,35,hombre,NEPALESA,Z49208250
1443,Connagh Turnbull,32,mujer,AFGANA,N54392116
1444,Shantelle Mejia,40,hombre,DE BAHREIN,R83022086
1445,Aneesah Meyer,23,hombre,LIECHTENSTENSE,A22830260
1446,George Costa,42,hombre,BIRMANA,E11799224
1447,Ellesha Alford,31,hombre,URUGUAYA,I77690464
1448,Marcel Dillon,36,mujer,KIRGUISTAN,Z80228036
1449,Imaad Barnes,38,hombre,SWAZI,I36965140
1450,Habib Wagner,58,mujer,BRITANICA,S31809526
1451,Aanya Pham,19,hombre,LIECHTENSTENSE,P28129448
1452,Chanel Brock,19,hombre,SIRIA,V19354825
1453,Khalid Watson,52,hombre,ALEMANA,C18219644
1454,Talha Maguire,37,hombre,ZAMBIANA,M92953962
1455,Tasha Ridley,55,hombre,RUMANA,Y71450811
1456,Eliana O'Quinn,25,mujer,SUDANESA,D80875979
1457,Norma Robin,38,mujer,BOLIVIANA,Y64764806
1458,Jaxson Legge,26,hombre,FRANCESA,J59091515
1459,Montel Crane,31,mujer,REINO UNIDO,B96418694
1460,Ammarah Willis,18,mujer,MARROQUI,E97634230
1461,Noel Warren,33,hombre,MAURITANA,H54227583
1462,Mahi Dupont,22,mujer,ZAIRANA,T34993364
1463,Holli Jaramillo,56,hombre,HOLANDESA,O43096030
1464,Aleyna Curry,57,mujer,URUGUAYA,W45263887
1465,Tyson East,39,hombre,IRLANDESA,Y22908576
1466,Tonya Wilkins,58,hombre,LIECHTENSTENSE,K32583749
1467,Nafeesa Boyle,60,hombre,GABONESA,J29953266
1468,Jameel Quinn,21,mujer,SINGAPORENSE,K58853972
1469,Alia Daniels,55,mujer,JAPONESA,Q91974018
1470,Miyah Donald,28,mujer,PARAGUAYA,R53934827
1471,Koa Le,38,mujer,MONEGASCA,C43094431
1472,Raiden Cairns,28,hombre,CANADIENSE,H95880960
1473,Angus Plummer,28,hombre,LIBANESA,L62301948
1474,Julie Rodriquez,55,mujer,NAURUANA,C35680280
1475,Cristian Barron,22,mujer,SUIZA,X98523776
1476,Lyle Pate,53,mujer,GUINEA ECUATORIANA,F15613610
1477,Tobias Partridge,56,hombre,ETIOPE,Q91915032
1478,Sarah-Jane Cherry,18,hombre,URUGUAYA,V60764222
1479,Lynsey Sears,29,hombre,BRITANICA,S75558443
1480,Shakeel Lam,23,mujer,MEXICANA,Q35652318
1481,Kelvin Cervantes,34,mujer,FINLANDESA,B15207104
1482,Denise Gordon,27,hombre,DOMINICA,Y67770169
1483,Irfan Dickinson,50,hombre,DANESA,Z89168974
1484,Alastair Wilkes,34,hombre,CHINA,S31711852
1485,Brandi Stamp,21,hombre,AFGANA,C58646385
1486,Fenella Wickens,19,mujer,ALEMANA,I34794437
1487,Emilija Stewart,54,hombre,HINDU,Z22643979
1488,Melina Briggs,22,hombre,BOLIVIANA,E49574564
1489,Teegan Hooper,42,mujer,GUINEA,I14560493
1490,Sahara Hess,36,hombre,MALDIVA,U94425738
1491,Filip Ortega,39,hombre,NORVIETNAMITA,H44107345
1492,Benito Beaumont,60,mujer,SINGAPORENSE,J88383831
1493,Frances Young,27,hombre,SUECA,O20562020
1494,Padraig Humphreys,54,mujer,SIRIA,L62234267
1495,Ameena Wallace,20,mujer,BOTSWANESA,Y86372859
1496,Bailey Hamilton,33,mujer,NIGERIANA,C28894089
1497,Ace Walton,48,hombre,NICARAGUENSE,L65568802
1498,Beverley Sharp,45,mujer,MALDIVA,Q27389411
1499,Shay Baird,26,mujer,MEXICANA,A83437055
1500,Uzma Green,19,hombre,REINO UNIDO,J63004751
1501,Alishba Potter,45,hombre,MALIENSE,I33929157
1502,Suzanna Bean,23,hombre,MALASIA,E74931410
1503,Theia Churchill,21,hombre,GAMBIANA,M22599508
1504,Francesco Parrish,39,mujer,LIBIA,N49133392
1505,Ariana Cleveland,26,hombre,ETIOPE,P44337852
1506,Izabel Jeffery,30,hombre,SUECA,O50692935
1507,Macy Mueller,31,hombre,ZAIRANA,J73623481
1508,Kabir Hurst,21,mujer,AFGANA,A88844603
1509,Zayna Mill,23,mujer,TAILANDESA,Z98988713
1510,Christian Rosales,57,hombre,CUBANA,J59950077
1511,Ibrahim O'Reilly,49,mujer,MONEGASCA,F74047444
1512,Franklin Whitney,49,hombre,NORCOREANA,F95552155
1513,Wilson Huff,20,mujer,SURINAMENSE,O71022549
1514,Ayana Decker,21,mujer,ESTONIA,G54657901
1515,Hana Vu,39,mujer,ISRAELI,C61655882
1516,Alejandro Trujillo,57,mujer,BHUTANESA,K12654398
1517,Ayomide Hutton,36,mujer,REINO UNIDO,V43692324
1518,Zion Hampton,40,hombre,MONGOLESA,D23850707
1519,Jett Becker,24,hombre,ESPAÑOLA,R92063116
1520,Radhika Dudley,33,hombre,RUMANA,S12023826
1521,John-James Hood,23,hombre,MOZAMBIQUEÑA,H14216032
1522,Gwion Chan,23,mujer,SIERRA LEONESA,E15311496
1523,Komal Stephenson,49,mujer,SOVIETICA UCRANIANA,G40799282
1524,Dennis Haynes,54,hombre,HINDU,L22938365
1525,Kieran Mcmanus,26,mujer,ZAMBIANA,D14950542
1526,Kean Nicholls,49,mujer,TANZANIANA,E68580309
1527,Tai Robles,57,mujer,DOMINICA,S73126291
1528,Ayush Moss,22,mujer,BRITANICA,H25917362
1529,Etienne Butler,50,mujer,PAKISTANI,G56673931
1530,Caolan Espinoza,34,hombre,ARGELIANA,I79947265
1531,Clementine Sheldon,56,mujer,CHINA,U68460971
1532,Enya Boone,30,mujer,BRASILEÑA,E93314712
1533,Zayd Fellows,47,mujer,OMANESA,O84026147
1534,Emmie Talley,54,mujer,BHUTANESA,I69758453
1535,Sachin Jenkins,46,hombre,BRASILEÑA,P67850230
1536,Roxy Mccall,24,mujer,REINO UNIDO,I12399792
1537,Danica Cardenas,22,hombre,MALDIVA,X27674093
1538,Poppy Leon,26,mujer,YEMENI,H21742994
1539,Cai Gallagher,46,mujer,TAIWANESA,W59784575
1540,Ashton Branch,57,hombre,ARGENTINA,K41896189
1541,Huma Newton,55,hombre,NICARAGUENSE,W75181933
1542,Ernest Rollins,49,hombre,VATICANA,U71056694
1543,Rayan Hewitt,59,hombre,DE CABO VERDE,Z94575494
1544,Musa Rayner,45,mujer,CHADIANA,P34487801
1545,Kason Jenkins,22,hombre,DE BAHREIN,Y26687661
1546,Garin Hills,43,mujer,HAITIANA,P62521786
1547,Cooper Lucas,32,mujer,ISLANDESA,H25875897
1548,Aronas Hatfield,49,mujer,CANADIENSE,E36506226
1549,Huma Valentine,25,mujer,RWANDESA,H15179611
1550,Suzannah Mcphee,34,hombre,CANADIENSE,H81111869
1551,Nelly Moyer,30,hombre,PAKISTANI,F69350912
1552,Nadia Bush,25,mujer,GRIEGA,D16642175
1553,Noah Dotson,57,mujer,DE BAHREIN,K47765385
1554,Daniella Medrano,27,mujer,BELICEÑA,H60519333
1555,Marwa Hopkins,60,hombre,BELGA,M70221947
1556,Hajrah Hansen,19,hombre,LAOSIANA,M41203201
1557,Eloise Hinton,50,hombre,GUINEA,Y93670902
1558,Arlo Fraser,49,mujer,MALASIA,J17125181
1559,Zack Tang,34,mujer,CAMERUNESA,X82519989
1560,Maddison Chung,50,hombre,FRANCESA,N78674089
1561,Maisey Lawrence,40,mujer,ARGENTINA,Y81002144
1562,Zubair Kay,39,mujer,AUSTRALIANA,O63984931
1563,Eben Power,29,hombre,ARGELIANA,L69265815
1564,Elizabeth Yu,39,hombre,ZAMBIANA,E54691162
1565,Phillipa Archer,48,hombre,GUYANESA,R60669083
1566,Bilaal Novak,37,mujer,NORCOREANA,O66263196
1567,Ananya Sherman,22,hombre,DE ZIMBAWI,K57095440
1568,Aston Berg,18,mujer,EGIPCIA,K38336985
1569,Alexa Henderson,32,mujer,KENIANA,X71965468
1570,Aairah Larsen,27,hombre,TRINITARIA,L34669447
1571,Christos Sharma,29,mujer,BHUTANESA,N68371627
1572,Betty Whittington,39,hombre,MAURICIANA,X47728816
1573,Adnaan Corona,57,hombre,ARABE,A71445978
1574,Raya Dejesus,57,hombre,SINGAPORENSE,X76165312
1575,Eric Caldwell,52,hombre,BOTSWANESA,E74162962
1576,Lillie-May Hammond,43,hombre,LIBANESA,Z71264239
1577,Vivienne Herrera,40,hombre,GABONESA,I60955054
1578,Rea Alvarado,40,hombre,REINO UNIDO(BRIT. DEL EXT.),J25372468
1579,Tymon Gaines,60,mujer,RUMANA,M15728697
1580,Janelle Dickerson,52,mujer,BURUNDESA,B26662981
1581,Tianna Sharp,26,mujer,GHANATA,Y11005141
1582,Maariya Wagstaff,30,mujer,SANTA LUCIENSE,F13271498
1583,Joao Blundell,18,hombre,JORDANA,G91606013
1584,Anabella Ramirez,44,hombre,ESLOVENIA,L13188887
1585,Aleksandra Pena,24,hombre,MAURICIANA,T64648589
1586,Chante Frederick,37,hombre,LESOTHENSE,G23184399
1587,Maksim Booker,27,hombre,MALDIVA,S52351362
1588,Alivia Ball,36,mujer,MALAWIANA,W22842219
1589,Cari Fields,48,hombre,REINO UNIDO,A22997803
1590,Veronica Ali,47,hombre,NIGERINA,K89362716
1591,Maiya Stout,60,hombre,YEMENI,P33323816
1592,Judah Buck,43,mujer,GUINEA,L56259815
1593,Fabio Hooper,36,mujer,JAMAIQUINA,G94153544
1594,Ryan David,58,hombre,MOZAMBIQUEÑA,W82320661
1595,Darcie-Mae Dowling,43,hombre,TURCA,L78231211
1596,Inigo Haley,26,mujer,IRAQUI,F42449248
1597,Deborah Dunne,42,mujer,IRANI,K68311115
1598,Kendal Mcfadden,22,hombre,GUINEA ECUATORIANA,A50484842
1599,Charis Lin,26,hombre,PORTUGUESA,D26409712
1600,Chantel Hayden,38,mujer,ALEMANA,H90600071
1601,Nazia Redfern,26,hombre,IRLANDESA,P10218355
1602,Tabatha Flores,53,mujer,SAMOANA,W92234185
1603,Bella-Rose Hussain,25,mujer,GUINEA,F49614247
1604,Evelina Galindo,29,mujer,SAN MARINENSE,O32713950
1605,Yuvaan Roberson,26,mujer,SUDANESA,T82792472
1606,Rahima Lowry,41,mujer,PUERTORRIQUEÑA,R59889162
1607,Caitlin Blair,26,hombre,AUSTRIACA,C97863755
1608,Fabian Walls,33,hombre,HUNGARA,F51141639
1609,Miguel Crane,60,mujer,HUNGARA,G59577030
1610,Lia Humphrey,21,hombre,MALASIA,I88892388
1611,Sheena Perry,31,hombre,KUWAITI,M69113431
1612,Emme Fischer,29,mujer,DE ZIMBAWI,F19346482
1613,Isra Pruitt,22,hombre,JAPONESA,O13449416
1614,Nuha Davila,24,hombre,SWAZI,D26044036
1615,Halimah Chaney,31,hombre,AUSTRIACA,E96622189
1616,Matthias Waller,33,mujer,ARGELIANA,M16794912
1617,Maisha Davis,51,hombre,SAN MARINENSE,H63425329
1618,Oluwatobiloba Mac,30,mujer,LAOSIANA,H48785745
1619,Lewie Pearson,44,hombre,MARROQUI,F27429636
1620,Kayden Gunn,54,mujer,NORVIETNAMITA,U65928011
1621,Ellen Downes,22,hombre,GUYANESA,W68251412
1622,Axl Hahn,43,mujer,MOLDOVIA,E17897945
1623,Thelma Anthony,25,hombre,MONEGASCA,W84528986
1624,Siyana Oneal,48,mujer,MOLDOVIA,W19724377
1625,Harriet Carpenter,46,mujer,SALOMONESA,M43293318
1626,Jason Devlin,30,hombre,CHECOSLOVACA,M81919103
1627,Meredith Mcclure,22,mujer,RUMANA,K96803196
1628,Olly Kaufman,45,hombre,TAIWANESA,U86107037
1629,Aminah Kennedy,41,hombre,MALAWIANA,A38888126
1630,Juliet Dennis,54,mujer,LAOSIANA,T53899888
1631,Deon Mcneill,30,mujer,MALIENSE,U93785974
1632,Dilan Steele,59,hombre,LIBIA,R81584068
1633,Fardeen Whittle,38,mujer,DE BARBADOS,J87987922
1634,Clarissa Dougherty,60,hombre,ISRAELI,B23610129
1635,Yousuf Draper,40,mujer,GRANADINA,S90330150
1636,Ishaan Webber,33,mujer,PORTUGUESA,C39285747
1637,Remi Barnes,29,mujer,HAITIANA,I88057857
1638,Kamran Bull,37,hombre,AUSTRALIANA,M56565231
1639,Chandler Chandler,56,hombre,VENEZOLANA,M66934590
1640,Julius Roche,41,hombre,MACEDONIA,X63147050
1641,Amiyah Short,38,hombre,LESOTHENSE,R65306181
1642,Marwah Lester,52,hombre,DE SEYCHELLES,E81051489
