nombre,pasaporte,sexo,nacionalidad,edad,contrasena,tipo
Cristal Gaona Vazquez,E99654323,hombre,LIBIA,60,PX0Erzjp,capitan
Itzel Madrid Tello,O26876875,mujer,BIRMANA,89,P36OEZHE,capitan
Eugenio Villanueva,I59647599,mujer,TURCA,23,QCB4R6Md,capitan
Estela Marroquin Ortiz,F44457948,mujer,ALEMANA,98,u8pLiAs8,capitan
Juan Carlos Uriel Romero,F54286063,hombre,BURKINA FASO,38,tTRSOzEW,capitan
Ofelia Navarro Davila,Z44372972,hombre,BHUTANESA,68,0fGXVEQi,capitan
Lucia Palomo Olivera,J50508589,hombre,NAMIBIANA,35,92qCicL8,capitan
Ana Noelia Barrios,Y82472204,mujer,KENIANA,20,EhSIqjPR,capitan
Modesto Lucero Luna,Z12327276,mujer,ESTONIA,28,o546txH7,capitan
Mateo Claudio Leiva Valle,P21702655,hombre,ZAMBIANA,14,lA7MRZNW,capitan
Yolanda Blanco,B95281165,mujer,TRINITARIA,30,Vjm6U9cJ,capitan
Ivonne Montenegro,J64594612,hombre,NIGERINA,85,XLIMB4rs,capitan
Laura Ramon,M29889337,hombre,MALDIVA,65,Fk4idq6Y,capitan
Rosario Gregorio Godoy Jaimes,V37562483,mujer,HINDU,77,E7ujVlqF,capitan
Liliana Quintero,W71697646,hombre,DE BAHREIN,60,rIK7RJSf,capitan
Juan Carlos Abigail Anguiano Adame,G52881568,mujer,SWAZI,44,lzInIgUH,capitan
Tomas Solis,L18340568,mujer,ZAMBIANA,31,8yYTrmoj,capitan
Rosario Rojas Guardado,L72554373,mujer,IRLANDESA,79,fcvlVCoO,capitan
Guillermo Figueroa Casanova,J29686165,mujer,NAURUANA,98,pzTk177t,capitan
Caridad Alejandro Collado Esquivel,B41943528,mujer,SUIZA,10,lsAmBn2f,capitan
Jaime Marisol Madrid,U71661520,hombre,BRITANICA,27,Dg8oLlt3,capitan
Sofia Orellana Rosas,V42528064,mujer,SUECA,70,PEFDriiG,capitan
Leticia Ureña,T19743718,hombre,SIRIA,70,9wjAz0uR,capitan
Caridad Ceja,G10013637,hombre,REINO UNIDO,12,KxerauA6,capitan
Sara Villareal,I45816186,mujer,TAILANDESA,93,kGMrjLCW,capitan
Bernardo Raul Niño,G28581662,mujer,BHUTANESA,78,vflvmOkO,capitan
Minerva Israel Santacruz Sierra,F36197968,mujer,REINO UNIDO,80,FRFgX0gL,capitan
Dolores Hector Mata,F46237407,mujer,MONGOLESA,66,2WNnRSl2,capitan
Graciela Gilberto Tamayo,P63907762,mujer,ZAMBIANA,12,P5LpbZ30,capitan
Noelia Trujillo,G20824518,mujer,TANZANIANA,68,ve3bgHcO,capitan
Reina Adan Baeza Paez,P61007335,hombre,YEMENI,95,DO366uXv,capitan
Maria Jose Berrios,A99075356,mujer,VATICANA,16,usWfroPd,capitan
Cristian Frias,L53367487,mujer,DE BAHREIN,10,YC4HcgJa,capitan
Maria Eugenia Arroyo,G62088265,hombre,BELGA,23,AOSR4mSf,capitan
Rocio Itzel Matias,Z73076598,hombre,RUMANA,50,Vwf8iLPs,capitan
Rufino Velasco,D41778711,mujer,GUINEA,37,6f8Yi31l,capitan
Ignacio Muñiz,F24904237,mujer,SAN MARINENSE,43,vMfg60Jh,capitan
Julia Valdivia Florez,Q96850129,mujer,PUERTORRIQUEÑA,51,jh4tdFK7,capitan
Julio Carrero Esparza,M38215478,mujer,KUWAITI,71,fF2j3eEJ,capitan
Angelica Mesa,C86355149,mujer,DE ZIMBAWI,21,dTk23LPH,capitan
Augusto Irene Ceballos,J15119141,hombre,AUSTRIACA,15,6bf6Z7jB,capitan
Aida Espinoza,U44621636,mujer,SALOMONESA,33,dSCp5K1r,capitan
Maximiliano Malave Serrano,F26110704,hombre,MALAWIANA,41,EMnNJnZE,capitan
Fidel Emiliano Molina,W47775182,hombre,TOGOLESA,62,Csu24y1T,capitan
Leonor Emilio Sosa,N95498824,hombre,PARAGUAYA,59,nyHRxqhG,capitan
Eduardo Pulido,Z62349473,hombre,FILIPINA,28,heaw6D2K,capitan
Irma Casillas,U43273299,hombre,MALAWIANA,73,zBZOQVPQ,capitan
Camilo Camilo Bañuelos,C92774826,mujer,IRANI,17,Ld6jIgQ3,capitan
Martha Ceja,R73647682,hombre,YUGOSLAVA,83,7plK15bg,capitan
Uriel Melgar González,I70460685,mujer,BIRMANA,74,m24xvUMC,capitan
Nelly Rosa Quintero,U28796448,mujer,NIGERINA,64,AreG9XGD,capitan
Mercedes Reyes,H12328752,hombre,EGIPCIA,94,SUXyVtbY,capitan
Raquel Carreon,P90466792,mujer,PARAGUAYA,23,VajS5wav,capitan
Eugenia Esperanza Galarza Mendez,O93555640,hombre,ETIOPE,73,9yIqD8ZN,capitan
Alejandro Montoya,F50197319,hombre,MALASIA,27,DxczLhRw,capitan
Lorenzo Camilo Quintanilla,U58822965,mujer,HONDUREÑA,10,AAJBSI9j,capitan
Minerva Raya,D18853282,mujer,DEL QATAR,67,GseRZJ4v,capitan
Horacio Alfredo Valle,O78837046,mujer,MARFILEÑA,98,wTyGCePE,capitan
Karla Nevarez Delgado,P99525371,hombre,DE BENNIN,91,GNmUtTTK,capitan
Daniela Trinidad Alvarez Menchaca,X64476508,hombre,YUGOSLAVA,31,3Io3ooB9,capitan
Agustin Patricia Pacheco Treviño,U15692667,hombre,ALEMANA,81,r18XH80g,capitan
Reina Burgos,L23344989,mujer,UGANDESA,93,yRepydx2,capitan
Esparta Cornejo,D46521640,hombre,NICARAGUENSE,51,TGNy4EvL,capitan
Jose Eduardo Toro,X53390512,mujer,DE BAHREIN,19,UfVlNQqf,capitan
Faris Cole,N90362432,mujer,GUYANESA,44,iPgSrxDD,capitan
Leon Benson,B80802581,mujer,LIBIA,57,e4d8vi2v,capitan
Aqsa Broadhurst,Q98196295,mujer,SINGAPORENSE,18,OzQeMKUH,capitan
Prince Knights,P91468410,mujer,ZAMBIANA,50,HAlMFpPu,capitan
Monty Munoz,R40960037,hombre,AUSTRALIANA,44,E2EO6JLr,capitan
Vivaan Small,X88118097,mujer,ISRAELI,24,U7npHGCu,capitan
Abid Cash,V63848808,hombre,AUSTRIACA,20,MLmDD3fM,capitan
Jozef Hicks,V56635732,mujer,KENIANA,23,mamE43Ij,capitan
Sanaya Sheppard,D51550937,mujer,NAMIBIANA,28,dEeBKmv8,capitan
Kole Sims,A58880299,hombre,GUYANESA,29,Ckq7WRsu,capitan
Arman Spooner,L91040317,mujer,TRINITARIA,49,atnuX1X4,capitan
Konrad Morales,C26918071,mujer,SUIZA,50,oTjNpZHn,capitan
Shani Tang,X36668136,hombre,NICARAGUENSE,24,E1VkdyQf,capitan
Eden Bullock,D81305901,mujer,SIERRA LEONESA,50,afRkpUxI,capitan
Gideon Odling,I69082391,mujer,AMERICANA,54,1cTq6Kpr,capitan
Menna Kennedy,M96988182,hombre,SWAZI,29,tUJ85yjh,capitan
Ffion Foreman,L58021595,hombre,LIBANESA,53,MSytljCR,capitan
Mohamad Frye,V33539473,hombre,NEPALESA,23,HIwNC4bE,capitan
Tarik Underwood,Q86390973,hombre,LIECHTENSTENSE,34,OYZHSST1,capitan
Vinny Simon,V52367061,mujer,KIRGUISTAN,25,VdsnUlgI,capitan
Amari Mccarthy,M54013650,hombre,REINO UNIDO,18,Tl6kgTRH,capitan
Manon Coffey,C28372030,hombre,IRLANDESA,42,jJflSnCl,capitan
Brody Derrick,R83861025,hombre,LIBANESA,49,T5InNV5E,capitan
Willow Mcarthur,S88342155,hombre,FINLANDESA,38,rEmLlBho,capitan
Rickie Dowling,M58022489,mujer,DOMINICA,35,ZzHOx6QW,capitan
Quinn Novak,D94008374,hombre,SINGAPORENSE,49,Drxn11Jt,capitan
Katharine Kent,Z90514972,mujer,GAMBIANA,31,PGFRvQgq,capitan
Tate Wilder,F20918635,hombre,ISRAELI,39,UNr2WkeG,capitan
Sid Rayner,O24070749,mujer,SIERRA LEONESA,55,5TFH8IRX,capitan
Karol Curtis,F63424480,hombre,HINDU,44,l7q2X38v,capitan
Susannah Dominguez,E94910524,hombre,PAKISTANI,44,4E7IfNUg,capitan
Pascal Burrows,M20646516,mujer,CHINA,60,V0vn1lwQ,capitan
Kristin Mayer,H13591949,mujer,BHUTANESA,41,yEyPtG5R,capitan
Siena Mcbride,C35766555,hombre,DE BAHREIN,58,hHPHjSfa,capitan
Ernest Reid,T12018876,mujer,ARGELIANA,26,Zc8Gdfkm,capitan
Elijah Bloom,Q18294063,mujer,DE ZIMBAWI,18,Z2jbRq8x,capitan
Veer Cameron,Z93784881,hombre,LESOTHENSE,40,d16InNcQ,capitan
Finnlay Flower,L73186764,mujer,MALAWIANA,31,CSKctjeD,capitan
Micheal Weaver,O35132654,mujer,REINO UNIDO,53,ytFNqaz3,capitan
Jaya Roche,S79293181,mujer,MOZAMBIQUEÑA,22,owtxVf1o,capitan
Fahmida Watts,F32873083,mujer,IRAQUI,56,S26TyrPD,capitan
Gaia Howard,B47807991,hombre,GUINEA,55,C7lotef7,capitan
Youssef Merrill,G70168526,mujer,MALASIA,41,PAM7kQ9Q,capitan
Aleisha Duffy,B28202618,hombre,KUWAITI,50,acTxiOOi,capitan
Mason Booker,Q68510886,hombre,MOLDOVIA,21,wPGIHHwX,capitan
Skye Sherman,Y98611000,mujer,PORTUGUESA,44,NbNOzRrE,capitan
Juliette Schroeder,J21247265,hombre,AUSTRALIANA,23,Hh65Rnh7,capitan
Chantal Gay,G63132325,mujer,PORTUGUESA,55,qE1d8vlz,capitan
Lilly-Ann Donnelly,N40736646,mujer,GUINEA,35,QUmrP4Fe,capitan
Lyra Jefferson,W97686532,mujer,FILIPINA,35,buexGYN6,capitan
Rikki Marsden,A93142339,hombre,PAKISTANI,28,iaIhcD3Z,capitan
Jay Vance,O49832802,hombre,GRIEGA,32,KZATj5g0,capitan
Reilly Mansell,E64584693,hombre,MONGOLESA,39,T3WrixcW,capitan
Sonya Schofield,S51168316,mujer,REINO UNIDO,23,GlAJq81f,capitan
Mica Carney,I79816052,mujer,REINO UNIDO,38,25X5ENeq,capitan
Maxwell Bonner,R13259256,mujer,ETIOPE,60,GiorVF5E,capitan
Kimora Samuels,I21191197,hombre,KIRGUISTAN,59,4xvo0Aj0,capitan
Divine Johns,M26162664,hombre,VENEZOLANA,53,WPDHSpn8,capitan
Amiee Mccabe,F92230103,mujer,LIBERIANA,28,yHOix01z,capitan
Ellie-Mae Forbes,A17458556,mujer,ANGOLESA,27,ZurVcHoA,capitan
Fatima Santiago,T38670415,mujer,HINDU,21,rqiRRnsg,capitan
Arjan Ho,P95013838,hombre,CAMBOYANA,23,lrW6j2df,capitan
Donnell Riley,J21925151,mujer,GUYANESA,30,IK9tPhF9,capitan
Jonathan Calderon,M49254736,mujer,DE BAHREIN,49,kgAmBvwI,capitan
Shamima Farley,O58652792,hombre,ITALIANA,36,jqTHhpQA,capitan
Alexandros Burris,X55853585,hombre,GUYANESA,23,gll4ZBQV,capitan
Bryce Chase,A39408361,mujer,BIRMANA,44,Q095nXSj,capitan
Isabella Morley,Y34927784,mujer,GUINEA,37,GpxUg4xB,capitan
Simone Short,S50684947,mujer,TURCA,38,tT1Z3Wop,capitan
Jamil Buck,H54615218,mujer,SINGAPORENSE,27,wJBdusHE,capitan
Justine Dejesus,S31733660,mujer,TANZANIANA,24,xnOZk3C3,capitan
Tamsin Mason,K26342479,hombre,GUINEA ECUATORIANA,29,KS9awamO,capitan
Esha Stanton,H57458041,hombre,COLOMBIANA,39,CxYoiufT,capitan
Amisha Alexander,R85941940,hombre,SAN MARINENSE,19,ZxCEEzsf,capitan
Safah Corona,H65039062,hombre,SUIZA,46,KXBh446U,capitan
Michael Monaghan,Z49744602,hombre,MOZAMBIQUEÑA,19,omlXENGD,capitan
Heidi Salgado,Y13887486,mujer,BURKINA FASO,31,zQjTyT3m,capitan
Mina Bowler,E89642588,hombre,MALDIVA,30,zhC2d2na,capitan
Cain Penn,D60569791,hombre,SAN MARINENSE,30,On9AWKwk,capitan
Cooper Potts,S87800491,mujer,HONDUREÑA,19,1Qi6iUM2,capitan
Norman Byers,J73277195,hombre,ZAMBIANA,22,KFKJTak4,capitan
Eamon West,Y66004137,mujer,LIBANESA,50,DaOw7ts7,capitan
Lily-Anne Glenn,B51353951,mujer,LITUANIA ,48,TJTJKTS4,capitan
Atif Montoya,J74976103,mujer,LIECHTENSTENSE,20,6ttLsE9l,capitan
Manuel Frazier,R10696961,mujer,BOLIVIANA,23,q1Yz0EfR,capitan
Dulcie Dougherty,W74949936,mujer,URUGUAYA,36,51GMCETl,capitan
Braydon Love,T55172433,hombre,PARAGUAYA,24,QxNmz46U,capitan
Vernon Duarte,T73448503,mujer,ALEMANA,22,xymLVr0p,capitan
Jamaal Brown,X30343038,hombre,MALDIVA,28,OLgfypLG,capitan
Jaydn Martin,R35674246,mujer,REINO UNIDO,37,VVb0g31t,capitan
Jesse Drake,W74976970,hombre,MALASIA,59,IvTcv3oG,capitan
Amanda Frame,M74177787,mujer,GAMBIANA,59,ZPe8rn27,capitan
Scott Morales,P34307583,hombre,AFGANA,31,p3depJ6l,capitan
Chance Wynn,Q78641272,hombre,ESTONIA,37,GgWeyF3N,capitan
Gus Hood,V75902595,hombre,MOZAMBIQUEÑA,44,vreQ9T5s,capitan
Darcey Sampson,D62958993,hombre,REINO UNIDO,26,znXOz8Rg,capitan
Ishmael Figueroa,P69442505,hombre,MALDIVA,43,QTOS7K62,capitan
Velma Douglas,F82060209,mujer,RWANDESA,24,EElBDx9e,capitan
Conah Reeve,Q56281794,mujer,DE ZIMBAWI,24,WQL4eOqj,capitan
Farhaan Zamora,L16239489,mujer,KENIANA,57,QM7J6neJ,capitan
Miguel Downs,P10687329,hombre,MALAWIANA,30,lgORKjXO,capitan
Yash Arnold,B96929536,mujer,JAMAIQUINA,58,XHSQvjy4,capitan
Jacque Gregory,Z35082300,hombre,KUWAITI,33,0aoSLiUW,capitan
Albert Andrade,S36768422,mujer,LAOSIANA,30,PPajiuDF,capitan
Corben Whitmore,K96186985,hombre,MOLDOVIA,55,FfcYJmtz,capitan
Asia Mclean,H77386222,hombre,LAOSIANA,59,yn3H9m8q,capitan
Kameron Parsons,U48804800,mujer,ISRAELI,43,huuhj4sJ,capitan
Billy Burrows,T19082779,mujer,OMANESA,36,1AetgsEN,capitan
Shoaib Ford,Z39477666,mujer,BURUNDESA,53,SrTo76Pb,capitan
Nancie Chapman,A79049716,hombre,LIBANESA,23,HqIVs4pa,capitan
Elleanor Michael,V93229650,mujer,YUGOSLAVA,28,LjWY7EmY,capitan
Diane Skinner,S56194608,mujer,MACEDONIA,56,VVb91hSY,capitan
Shazia Henry,W32270599,mujer,COMORENSE,23,NFZenKNt,capitan
Rudra Blackburn,U14154176,mujer,MOZAMBIQUEÑA,42,RVtee646,capitan
Skyla Ferrell,D90886133,mujer,SURINAMENSE,57,QCvIP5no,capitan
Eshaan Simon,Y88192910,hombre,REINO UNIDO,28,JIrLZyiE,capitan
Ami Estrada,K41763126,mujer,TRINITARIA,18,8PqMFQz7,capitan
Alisa Potter,T72933979,mujer,ZAMBIANA,22,WtbBAHZn,capitan
Kennedy Salgado,H16441869,hombre,KIRGUISTAN,42,bFOfmN6r,capitan
Isaac Huber,X82331557,mujer,DEL QATAR,20,DEtB3AJw,capitan
Issa Rankin,S25550844,mujer,YUGOSLAVA,37,AITU7MeI,capitan
Marc Gilmore,R13795454,mujer,SUDANESA,27,R1nFtA12,capitan
Edward Humphries,K26449991,mujer,UGANDESA,45,fsYye8qw,capitan
Cassie Benton,E47448781,hombre,ESLOVACA,36,b3qBKNrg,capitan
Teri Finch,U66924527,hombre,LAOSIANA,59,WTAO3fap,capitan
Sophia Berg,Z65517941,hombre,SALVADOREÑA,38,R4yzgVTp,capitan
Kara Vinson,E80101428,mujer,ISLANDESA,47,yWVijWIs,capitan
Leen Proctor,S11031665,hombre,LIBIA,59,jC1evHaW,capitan
Rebecca Rice,E37210159,hombre,ISRAELI,30,q2AFlRtB,capitan
Tillie Devine,D33460699,mujer,INDONESA,29,91OxecHR,capitan
Iestyn Henry,Y45945019,hombre,KIRGUISTAN,18,VwKvjTIR,capitan
Romany Finnegan,V64493595,hombre,PORTUGUESA,50,w7yL0blX,capitan
Anam North,V41581736,mujer,COLOMBIANA,32,513L54vb,capitan
Kealan Franco,D55276623,mujer,KENIANA,54,ecW68PHr,capitan
Ines Swanson,Y50357706,hombre,SWAZI,54,1uE0Ks8z,capitan
Zubair Odonnell,S42985830,mujer,GUYANESA,47,bNdjK1Om,capitan
Tamara Meyers,Z64414223,mujer,PAPUENSE,25,2kvibAxN,capitan
Cavan Howells,P61086155,hombre,TRINITARIA,32,1gA4TvFi,capitan
Milosz Walton,E10833391,hombre,SINGAPORENSE,18,Fo96YFvO,capitan
Blanche Irwin,K94722421,mujer,ZAIRANA,47,xN3gO6dX,capitan
Ernest Delaney,T67930846,mujer,BURKINA FASO,42,dC0v4O4S,capitan
Sherri Holden,M93397516,mujer,HONDUREÑA,52,vWs0i2Sq,capitan
Cheryl Houghton,D15088868,mujer,ZAMBIANA,31,O3fIDSLp,capitan
Connagh Turnbull,N54392116,mujer,AFGANA,32,2vFGYSTq,capitan
George Costa,E11799224,hombre,BIRMANA,42,7bh7753a,capitan
Marcel Dillon,Z80228036,mujer,KIRGUISTAN,36,FnNXa1QC,capitan
Eliana O'Quinn,D80875979,mujer,SUDANESA,25,O20npD2c,capitan
Norma Robin,Y64764806,mujer,BOLIVIANA,38,KaZcTF9W,capitan
Tyson East,Y22908576,hombre,IRLANDESA,39,m3pSPKOU,capitan
Tonya Wilkins,K32583749,hombre,LIECHTENSTENSE,58,Ibo2oz5V,capitan
Nafeesa Boyle,J29953266,hombre,GABONESA,60,KDnDTySZ,capitan
Raiden Cairns,H95880960,hombre,CANADIENSE,28,VA171IRs,capitan
Tobias Partridge,Q91915032,hombre,ETIOPE,56,iPvnHMGg,capitan
Lynsey Sears,S75558443,hombre,BRITANICA,29,XPzbFM9u,capitan
Shakeel Lam,Q35652318,mujer,MEXICANA,23,2qvaS1Rf,capitan
Irfan Dickinson,Z89168974,hombre,DANESA,50,Jtct4mJD,capitan
Fenella Wickens,I34794437,mujer,ALEMANA,19,9Vlr7gWK,capitan
Melina Briggs,E49574564,hombre,BOLIVIANA,22,CT8HWnVh,capitan
Frances Young,O20562020,hombre,SUECA,27,pDT80Ri5,capitan
Padraig Humphreys,L62234267,mujer,SIRIA,54,54WNK6nj,capitan
Shay Baird,A83437055,mujer,MEXICANA,26,XP949eta,capitan
Francesco Parrish,N49133392,mujer,LIBIA,39,wA0oljTk,capitan
Alejandro Trujillo,K12654398,mujer,BHUTANESA,57,hzfd7svZ,capitan
Jett Becker,R92063116,hombre,ESPAÑOLA,24,8g87xtlp,capitan
John-James Hood,H14216032,hombre,MOZAMBIQUEÑA,23,4TU1Ls1w,capitan
Kean Nicholls,E68580309,mujer,TANZANIANA,49,peMaa8lz,capitan
Ayush Moss,H25917362,mujer,BRITANICA,22,3nl5WcGA,capitan
Zayd Fellows,O84026147,mujer,OMANESA,47,Z5zRuJDc,capitan
Roxy Mccall,I12399792,mujer,REINO UNIDO,24,rQB2Se5g,capitan
Garin Hills,P62521786,mujer,HAITIANA,43,lrtbConq,capitan
Eloise Hinton,Y93670902,hombre,GUINEA,50,VyzOnvBx,capitan
Zack Tang,X82519989,mujer,CAMERUNESA,34,p8dVxYxC,capitan
Aston Berg,K38336985,mujer,EGIPCIA,18,lzYKoh71,capitan
Alexa Henderson,X71965468,mujer,KENIANA,32,hS6iq7vU,capitan
Adnaan Corona,A71445978,hombre,ARABE,57,Kw3idHCE,capitan
Vivienne Herrera,I60955054,hombre,GABONESA,40,tI2zsSCN,capitan
Fabio Hooper,G94153544,mujer,JAMAIQUINA,36,7uqL19CT,capitan
Inigo Haley,F42449248,mujer,IRAQUI,26,W2AC4E9D,capitan
Deborah Dunne,K68311115,mujer,IRANI,42,pnQmUlZS,capitan
Emme Fischer,F19346482,mujer,DE ZIMBAWI,29,dByll9ya,capitan
Nuha Davila,D26044036,hombre,SWAZI,24,RXW7Z160,capitan
Maisha Davis,H63425329,hombre,SAN MARINENSE,51,jQ1UdFdi,capitan
Axl Hahn,E17897945,mujer,MOLDOVIA,43,0Ds01Qdn,capitan
Aminah Kennedy,A38888126,hombre,MALAWIANA,41,N5mX9uX6,capitan
Dilan Steele,R81584068,hombre,LIBIA,59,ITO6hjKg,capitan
Chandler Chandler,M66934590,hombre,VENEZOLANA,56,CCdpWMqV,capitan
Nigel Dickens,41966463-4,mujer,CHILENA,36,eYAUBkxN,jefe
Xavier Stuart,52189199-8,hombre,CHILENA,42,SNkfYD2B,jefe
Thierry Shaw,15333675-k,mujer,CHILENA,21,KOv6qCPN,jefe
Bronwyn Orozco,61993529-2,mujer,CHILENA,43,0AoArVBM,jefe
Tatiana Williams,23711490-6,mujer,CHILENA,49,EUIbLcT4,jefe
Frederic Brooks,37630974-6,mujer,CHILENA,44,hwnMsZIp,jefe
Jasper Harvey,32359787-1,mujer,CHILENA,54,SfvZxeCj,jefe
Charlie Rahman,99837067-1,mujer,CHILENA,53,pbHC8MZx,jefe
Milena Bright,12957899-8,hombre,CHILENA,37,I1eN9VCo,jefe
John-James Burton,60747994-1,hombre,CHILENA,46,pOBzioFa,jefe
Abubakar Bowler,90471139-k,mujer,CHILENA,25,gZPQltGb,jefe
Christie Zavala,44604413-3,mujer,CHILENA,55,Ajzjmu8r,jefe
Naima Perez,89265324-0,hombre,CHILENA,40,wXz7aeaL,jefe
Dante Nava,88732812-9,mujer,CHILENA,44,lQGTBPEo,jefe
Kajal Short,40644356-6,hombre,CHILENA,27,d1VNNwAu,jefe
Humairaa Knights,70368495-5,mujer,CHILENA,19,JewRyksV,jefe
Ranveer Cope,58963604-k,mujer,CHILENA,23,FU9ZWy7k,jefe
Ava Gilbert,81203114-7,mujer,CHILENA,21,swnm0EKL,jefe
Gerrard Ho,22150901-3,mujer,CHILENA,47,FC1mMPFM,jefe
Jardel Keith,40597717-6,hombre,CHILENA,58,lzA0cPzc,jefe
Reiss Lutz,19410523-1,hombre,CHILENA,29,cpbzLDcN,jefe
Rhydian Keeling,44372095-2,mujer,CHILENA,22,g16FLYiJ,jefe
Aisling Chaney,80228379-2,mujer,CHILENA,51,oskZjS9G,jefe
Mahnoor Legge,96828461-4,hombre,CHILENA,24,eBxbj5Mt,jefe
Lily-Rose Wharton,43329730-k,mujer,CHILENA,49,t5JUU9sn,jefe
Jacques Carter,75910499-4,mujer,CHILENA,41,UelSRpnJ,jefe
Samad Neville,54122700-8,mujer,CHILENA,32,VS7HkMlQ,jefe
Clarke Mcloughlin,83330704-5,hombre,CHILENA,28,IMJZZ9LJ,jefe
Maiya Villa,20789297-1,mujer,CHILENA,48,DSrTG7YY,jefe
Arianna Vazquez,50319391-4,mujer,CHILENA,57,henteagu,jefe
Reya Bruce,53383454-k,mujer,CHILENA,52,TCEF5LtU,jefe
Karter Swan,48996426-0,hombre,CHILENA,43,DHfI610C,jefe
Allison Costa,83029887-8,mujer,CHILENA,38,tcXhK5Qy,jefe
Anis Cohen,37376941-k,hombre,CHILENA,32,BZWJO7sR,jefe
Jake Hatfield,64501886-9,hombre,CHILENA,19,JNBRBiV1,jefe
Nathaniel Mcgill,54593722-0,hombre,CHILENA,54,lSDL75x0,jefe
Marnie Macfarlane,31194216-6,mujer,CHILENA,27,SCd7nfYW,jefe
Luther Simon,67314332-6,mujer,CHILENA,21,mhQG0244,jefe
Taiba Richmond,49628420-8,mujer,CHILENA,55,FFRSjGKh,jefe
Olivia-Mae Hicks,26135720-8,hombre,CHILENA,32,7NIoLAh2,jefe
Haleemah Baxter,14408869-7,mujer,CHILENA,23,xHl0n0SR,jefe
Lance Weber,26249833-6,mujer,CHILENA,20,mHZ0ccGy,jefe
Cai Mcneil,35115737-2,mujer,CHILENA,39,lGM68d1p,jefe
Cally Hopper,38578737-5,mujer,CHILENA,34,n9p4bfSB,jefe
Shane Kelly,34823992-9,mujer,CHILENA,43,ynNpvVzg,jefe
Liyah Cooper,93176945-6,hombre,CHILENA,22,J8biyLkE,jefe
Shahzaib Espinoza,34975310-3,mujer,CHILENA,50,6yfukDNV,jefe
Suzanna Romero,80558312-6,hombre,CHILENA,49,90O9h8qX,jefe
Matias Strickland,88408240-4,hombre,CHILENA,52,hn0ACybt,jefe
Ahsan Flynn,71389826-0,hombre,CHILENA,46,AMNns3PS,jefe
Denise Daniel,53281073-6,mujer,CHILENA,40,aXKS4l3n,jefe
Isabell Hogan,96735305-1,hombre,CHILENA,26,CQABpIUJ,jefe
Imran Senior,30991735-9,mujer,CHILENA,40,yRuTLLTO,jefe
Jose Farrell,80640357-1,hombre,CHILENA,39,jCxVLB3e,jefe
Montgomery Cornish,13370165-6,hombre,CHILENA,19,1do6Ov0z,jefe
Rodney Woodcock,12205074-2,hombre,CHILENA,31,isvip8yt,jefe
Derrick Fritz,34996262-4,mujer,CHILENA,52,v42Cl0kE,jefe
Ralphy Phan,94362008-3,hombre,CHILENA,28,eqB9P7z8,jefe
Camron Chaney,70366259-5,hombre,CHILENA,50,pZj0acpU,jefe
Suranne Byrd,36600416-5,hombre,CHILENA,46,aucig9Nr,jefe
Ziva Langley,75129314-3,hombre,CHILENA,47,RuDYw9tY,jefe
Ayaan Bass,59105378-7,hombre,CHILENA,45,npRvcvpD,jefe
Patryk Enriquez,54121962-5,hombre,CHILENA,46,3TItXb4L,jefe
Asma Brook,35806868-5,mujer,CHILENA,32,fq435Ey5,jefe
Junayd Andersen,67902197-4,hombre,CHILENA,43,OuYPrVya,jefe
Kaiya Huerta,87371798-k,mujer,CHILENA,45,NkZxWi5V,jefe
Linzi Wong,14200344-9,mujer,CHILENA,46,QR6Cu5fl,jefe
Trey Saunders,23494123-2,hombre,CHILENA,57,pKycxjzo,jefe
Roseanne Nguyen,45856781-6,mujer,CHILENA,50,rAuVyhQ4,jefe
Fahad Diaz,26849996-2,hombre,CHILENA,34,GKnbipJK,jefe
Ivy-Rose Mcclure,41659296-9,mujer,CHILENA,54,kSaYYeto,jefe
Margaux Cleveland,44973013-5,hombre,CHILENA,56,AVIDPvhE,jefe
Toby Petty,84593882-2,hombre,CHILENA,31,9eUV1CML,jefe
Mariah Wyatt,58038177-4,hombre,CHILENA,27,IlvlOOxD,jefe
Lily-Mae O'Quinn,68147125-1,hombre,CHILENA,58,vtjIfbYq,jefe
Arissa Webb,54363208-2,hombre,CHILENA,49,JELVwLLZ,jefe
Leanne Weeks,31359212-k,hombre,CHILENA,30,QoaXAVpM,jefe
Olivia-Rose Fuentes,22249624-1,hombre,CHILENA,48,EVuJ91WK,jefe
Priya Oneil,96213582-k,mujer,CHILENA,39,u8p3gnQn,jefe
Keaton Mccall,54480341-7,hombre,CHILENA,50,YBBMCNwQ,jefe
Esme-Rose Wicks,41325900-2,hombre,CHILENA,29,Yxl4Nivl,jefe
Clayton Mckenna,75397524-1,mujer,CHILENA,37,zRRpp0CR,jefe
Aimie Sears,72018152-5,hombre,CHILENA,27,xASrlLFQ,jefe
Claudia Avery,44626695-0,hombre,CHILENA,20,hspMUrkJ,jefe
Alicja Magana,56744324-8,mujer,CHILENA,28,kaqbsMhT,jefe
Thierry Hurley,82254885-7,mujer,CHILENA,41,PDDK8re3,jefe
Deanne Villarreal,67753422-2,mujer,CHILENA,38,4mkovbwj,jefe
Karina Morgan,97632307-6,hombre,CHILENA,49,V1HPUNR6,jefe
Darryl Carlson,28673876-1,hombre,CHILENA,57,TtDoONSd,jefe
Jaiden Sampson,89477804-0,mujer,CHILENA,18,jsEOhOW1,jefe
Janine Keller,45624249-9,hombre,CHILENA,38,2nyHpTNZ,jefe
Cora Camacho,70551235-3,mujer,CHILENA,38,IrpWsCzX,jefe
Denis Mann,92946711-6,mujer,CHILENA,43,F6bnkdd3,jefe
Caitlan Whitehouse,50728559-7,mujer,CHILENA,30,ElLjdXv9,jefe
Emillie Frye,98661210-6,hombre,CHILENA,34,pE8OfNQ0,jefe
Kaleem Hill,60727093-7,hombre,CHILENA,36,LVfvSTAR,jefe
Manisha Stephens,65485230-8,mujer,CHILENA,56,2ZvNEjfb,jefe
Maude Arnold,59129614-0,hombre,CHILENA,42,IxyYvUdU,jefe
Lori Forrest,69822376-6,hombre,CHILENA,30,fHhyYm4e,jefe
Zunairah Mcgee,53087333-1,mujer,CHILENA,45,UOqyO1dn,jefe
Xander Simmonds,91258242-6,hombre,CHILENA,23,lveJp0wp,jefe
Calista Cummings,17341224-k,mujer,CHILENA,53,4O6HTFlg,jefe
Ayomide Mosley,46531952-6,mujer,CHILENA,29,OklMZlFg,jefe
Becky Strickland,49641463-2,hombre,CHILENA,29,RU8BcAjA,jefe
Leigha Chavez,58812264-6,hombre,CHILENA,36,fKeeQEHT,jefe
Irfan Britton,52158784-9,hombre,CHILENA,25,QzDlRJzx,jefe
Tasmin Crossley,75020925-4,hombre,CHILENA,40,81Dw2tFG,jefe
Korban Robbins,38629675-8,mujer,CHILENA,60,HXQHOAcX,jefe
Homer Jacobson,37797879-k,mujer,CHILENA,42,IUrjJsqd,jefe
Freddy Simons,52698782-9,hombre,CHILENA,29,OVidLoIW,jefe
Elissa Schmidt,60926655-4,mujer,CHILENA,53,hPUFqYBn,jefe
Rita Kouma,58378678-3,hombre,CHILENA,50,0yHYpWro,jefe
Amber-Rose Wardle,92244003-4,hombre,CHILENA,48,nuheLYJ8,jefe
Cheyanne Petersen,89751595-4,mujer,CHILENA,37,eYcHyamt,jefe
Carolina Gomez,35414863-3,hombre,CHILENA,37,9xYaSO5p,jefe
Piotr Glenn,81881771-1,mujer,CHILENA,52,WpQwnBWN,jefe
Huw Lewis,79348268-k,hombre,CHILENA,29,xE86Nd1D,jefe
Keagan Hope,91957637-5,hombre,CHILENA,26,9hGSbWnF,jefe
Tudor Proctor,76362168-5,mujer,CHILENA,58,Yycj6X4c,jefe
Winston Castro,10537138-1,mujer,CHILENA,55,fbJvF9p6,jefe
Frances Hartman,94559048-3,mujer,CHILENA,56,6CdY9qDl,jefe
Chandni Stanton,11904025-6,mujer,CHILENA,50,pwK9i7fA,jefe
Harlan Goodman,78413522-5,hombre,CHILENA,43,wlRXkrLx,jefe
Mohamed Mcclain,13863556-2,hombre,CHILENA,57,vadlJV9d,jefe
Lennox Mcculloch,29637564-0,mujer,CHILENA,53,e6K4yjfE,jefe
Ajwa Daly,87624695-3,mujer,CHILENA,60,vLsXTgzX,jefe
Ameera Edwards,64367868-3,mujer,CHILENA,35,IuehgwLB,jefe
Vincenzo Preece,45026733-3,mujer,CHILENA,49,BWYGMGzl,jefe
Che Partridge,16943787-4,mujer,CHILENA,39,Ccibpg6N,jefe
Maisy Bright,77191435-7,hombre,CHILENA,48,ZStGLXuf,jefe
Vickie Clifford,10927357-0,mujer,CHILENA,19,zy1rvwFr,jefe
Ricardo Devine,66976509-6,mujer,CHILENA,43,VxbcCPrK,jefe
Hadley Acosta,32086803-3,mujer,CHILENA,45,6e4ZinrU,jefe
Belinda Chamberlain,76762441-7,hombre,CHILENA,37,OIMF0ZIn,jefe
Tayyib Davila,47121914-2,mujer,CHILENA,47,zEoAhhK8,jefe
Karol Knights,23047484-2,mujer,CHILENA,36,B7WMGrtU,jefe
Layton Hodge,73026642-1,mujer,CHILENA,20,dSUw60Dr,jefe
Akeem Odonnell,21016824-9,hombre,CHILENA,20,wxTnCXtj,jefe
Danyal Steele,59749734-2,mujer,CHILENA,49,wbOdHxHm,jefe
Cari Welch,48592540-6,mujer,CHILENA,54,io0TEzqH,jefe
Roosevelt Charlton,70433997-6,mujer,CHILENA,33,sMQokgxr,jefe
Pola Finney,10339840-1,mujer,CHILENA,25,oHR5hH7R,jefe
Annaliese Mckinney,69767927-8,hombre,CHILENA,30,b9hod5iQ,jefe
Princess Guest,73454838-3,mujer,CHILENA,56,5lOgiEKB,jefe
Sonnie Pugh,34039148-9,mujer,CHILENA,58,3IuqNOpQ,jefe
Lola-Mae Whittaker,93591226-1,hombre,CHILENA,58,bLvP75wL,jefe
Asmaa Allman,58648727-2,hombre,CHILENA,44,A8ciSTGi,jefe
Zac Mcgill,88107942-9,mujer,CHILENA,40,f6uw0b6M,jefe
Harvie Bonilla,46805723-9,mujer,CHILENA,35,YXeDYyEj,jefe
Asha Guthrie,92390198-1,hombre,CHILENA,19,VLP81bxo,jefe
Hamaad Barajas,17611254-9,hombre,CHILENA,50,a9oTEtFh,jefe
Harvey-Lee Burch,78301240-5,mujer,CHILENA,22,6NAzlIsa,jefe
Kamran Santos,90730270-9,hombre,CHILENA,20,XDXQSM8d,jefe
Junior Bryant,25919808-9,mujer,CHILENA,24,7yBkZGrV,jefe
Stefan Allen,92060023-9,mujer,CHILENA,57,lezZr24g,jefe
Haidar Moreno,91346186-k,hombre,CHILENA,30,sSTLi6MC,jefe
Shayaan Watkins,56405384-8,hombre,CHILENA,19,LPsftuzC,jefe
Khadija Dalby,32153494-5,mujer,CHILENA,43,2vna13jL,jefe
Billie Kaur,54546935-9,mujer,CHILENA,38,hm3UgSi6,jefe
Mimi Harris,48269008-4,hombre,CHILENA,49,AcaiAmZl,jefe
Kierran Stanton,50942616-3,hombre,CHILENA,27,pt71hW6v,jefe
Isabell Goodwin,84327091-3,hombre,CHILENA,40,apKeQ7OO,jefe
Tiffany Cantu,66714421-3,hombre,CHILENA,25,AXz5e95v,jefe
Skye Gray,48007583-8,mujer,CHILENA,49,6b5yqf6e,jefe
Lemar Cullen,14585428-8,hombre,CHILENA,28,Yq8mDgYm,jefe
Maariya Enriquez,25450277-4,hombre,CHILENA,30,uxs5ibvI,jefe
Ayana Portillo,60456055-1,mujer,CHILENA,23,bu0odY3o,jefe
Humayra Palacios,90494178-6,hombre,CHILENA,32,QbNNs3Mr,jefe
Mea Dorsey,95199785-4,hombre,CHILENA,37,IR4bbU5R,jefe
Ammaar Carty,13947632-8,hombre,CHILENA,48,eIykKEEK,jefe
Dainton Pratt,29004298-4,mujer,CHILENA,24,N3YqKE6j,jefe
Waleed Aguirre,63968995-6,hombre,CHILENA,53,8OmJGt5Y,jefe
Karis Downes,42494071-2,mujer,CHILENA,58,6nlFjyTl,jefe
Annabelle Mullins,11123767-0,hombre,CHILENA,35,urli9kKn,jefe
Kaeden Knapp,37285914-8,mujer,CHILENA,53,WUjrO8hE,jefe
Jobe Reyes,79725852-0,hombre,CHILENA,26,R5AZ3Jx3,jefe
Ilayda Whitehouse,11118739-8,mujer,CHILENA,29,kkAFtmOy,jefe
Nasir Jenkins,45273848-1,hombre,CHILENA,19,Yssg3zkO,jefe
Jonny Newton,33461512-k,mujer,CHILENA,50,WK6jKmIC,jefe
Sabrina Gillespie,27626683-7,hombre,CHILENA,47,HH8m5dFT,jefe
Frances Corrigan,12920124-k,mujer,CHILENA,25,IBngi94d,jefe
Yunus Galloway,15955355-8,mujer,CHILENA,20,r2adWYtv,jefe
Robyn Hyde,14495790-3,hombre,CHILENA,55,haKiSiDj,jefe
Rebecca Sheehan,49552236-9,hombre,CHILENA,56,Dc5USlYh,jefe
Sakina Stewart,40161573-3,hombre,CHILENA,49,nui5zKCT,jefe
India Camacho,12969098-4,mujer,CHILENA,22,kfXIFWKD,jefe
Ella-Mai Butt,41775238-2,mujer,CHILENA,55,nTjyxr8U,jefe
Maia Glover,52792841-9,mujer,CHILENA,22,xn1iniO4,jefe
Aryan Hastings,82533150-6,hombre,CHILENA,25,RRj4KfCa,jefe
Hashir Hendricks,38100857-6,mujer,CHILENA,49,QiGR3mRC,jefe
Yash Wallace,69691126-6,mujer,CHILENA,19,3oTTTM10,jefe
Harlow Woods,99302343-4,hombre,CHILENA,19,gAKebwp9,jefe
Ariadne Hibbert,35155157-7,mujer,CHILENA,40,cJeNFTLc,jefe
Miller Fletcher,35340502-0,hombre,CHILENA,57,DtXStruP,jefe
Kymani Rahman,95711978-6,hombre,CHILENA,49,HLKZ5F81,jefe
Gaia Pearson,23686910-5,mujer,CHILENA,31,W5e22Tbq,jefe
Asiya Short,98357275-8,hombre,CHILENA,49,pW1wTaNK,jefe
Amba Crane,77484278-0,mujer,CHILENA,36,jX7XfvIX,jefe
Isaac Fleming,52258791-5,mujer,CHILENA,20,1BuRECbA,jefe
Haider Hines,24927693-6,hombre,CHILENA,19,muFXFPOj,jefe
Luca Foley,71316667-7,mujer,CHILENA,37,hKnq78UB,jefe
Ariyan Patel,37780063-k,hombre,CHILENA,32,55hJuFe8,jefe
Luqman Marks,15795964-6,mujer,CHILENA,21,39qDqw3K,jefe
Evan Haas,24655915-5,hombre,CHILENA,24,x0JZ1Sve,jefe
Billy-Joe Ward,12177977-3,hombre,CHILENA,22,fxwrbzsu,jefe
Nathaniel Rivas,79974368-k,mujer,CHILENA,37,0frQlCpn,jefe
Harry Hood,42868972-0,mujer,CHILENA,50,x1QwFhkp,jefe
Brandy Ponce,25696685-9,mujer,CHILENA,41,A2Jq8FmR,jefe
Siyana Ballard,95423202-6,hombre,CHILENA,23,TIT0loYa,jefe
Musa Myers,18984900-1,hombre,CHILENA,27,Ms6UO9ND,jefe
Ace Stephenson,57181678-4,mujer,CHILENA,57,zOqDNeV6,jefe
Ashlyn Finch,97163657-2,mujer,CHILENA,31,lkA3eqwH,jefe
Mikayla Hume,42714709-6,mujer,CHILENA,30,ognV6hxc,jefe
Nevaeh Gill,88667817-7,mujer,CHILENA,46,wO5whMr7,jefe
Rahul Finley,50814284-6,hombre,CHILENA,36,DKHHF9bH,jefe
